0.0225127, 0.0420803, 0.0635269, 0.0807147, 0.0910305, 0.0940248, 0.0910973, 0.082574, 0.0685562, 0.0513802, 0.0348167, 0.0215289, 0.0122594, 0.00649059, 0.00322628, 0.00151693, 0.000679254, 0.000291479, 0.000120371, 4.80725e-05, 1.86252e-05, 7.02102e-06, 2.58429e-06, 9.29285e-07, 3.27864e-07, 1.13486e-07, 3.85506e-08, 1.2991e-08, 4.23246e-09, 1.41439e-09, 4.38462e-10, 1.43704e-10, 4.8165e-11, 8.82014e-12, 9.67487e-12, -3.41825e-12, 4.13026e-12, -2.61672e-12, 1.97104e-12, -1.15159e-12, 6.87132e-13, -3.74e-13, 1.68787e-13, -3.78572e-15, -5.51414e-14, 4.14909e-14, -7.66054e-14, 1.21539e-13, -7.49116e-14, 1.09209e-14, -3.22399e-14, 3.33096e-14, -4.94773e-14, 2.12117e-14, 7.0755e-15, -9.6862e-15, -5.1769e-15, 3.12696e-15, -5.86717e-16, 3.84378e-16, 7.75162e-17, -6.9803e-17, 1.03469e-16, -7.71831e-17, 5.95858e-17, -4.1077e-17, 2.79168e-17, -1.83262e-17, 1.18515e-17, -7.54127e-18, 4.74546e-18, -2.95627e-18, 1.82655e-18, -1.12037e-18, 6.82854e-19, -4.13833e-19, 2.49518e-19, -1.49748e-19, 8.94914e-20, -5.32733e-20, 3.15992e-20, -1.86809e-20, 1.10097e-20, -6.46988e-21, 3.79181e-21, -2.21666e-21, 1.29276e-21, -7.52261e-22, 4.36818e-22, -2.53146e-22, 1.46424e-22, -8.45501e-23, 4.87258e-23, -2.80594e-23, 1.60906e-23, -9.2884e-24, 5.21855e-24, -3.15376e-24, 1.45853e-24, -1.2784e-24, 
0.000924957, 0.00201309, 0.00357265, 0.0053766, 0.00739282, 0.00951779, 0.0116725, 0.0137787, 0.0157717, 0.0176011, 0.0192337, 0.0206526, 0.0218561, 0.0228548, 0.0236685, 0.0243226, 0.024845, 0.0252635, 0.0256035, 0.025887, 0.0261321, 0.0263527, 0.0265594, 0.0267592, 0.0269571, 0.0271561, 0.0273578, 0.0275633, 0.0277731, 0.0279876, 0.028207, 0.0284318, 0.0286623, 0.0288988, 0.0291416, 0.029391, 0.0296474, 0.0299109, 0.030182, 0.030461, 0.0307483, 0.0310445, 0.03135, 0.0316655, 0.0319915, 0.0323287, 0.0326778, 0.0330397, 0.033415, 0.0338048, 0.0342101, 0.0346321, 0.0350718, 0.0355308, 0.0360103, 0.0365121, 0.0370376, 0.0375886, 0.0381671, 0.0387748, 0.0394139, 0.0400861, 0.0407936, 0.0415383, 0.0423217, 0.0431455, 0.044011, 0.0449189, 0.0458695, 0.0468625, 0.0478968, 0.0489706, 0.0500809, 0.0512237, 0.0523937, 0.0535847, 0.0547888, 0.0559971, 0.0571996, 0.0583852, 0.0595417, 0.0606568, 0.0617176, 0.0627115, 0.0636265, 0.0644515, 0.0651774, 0.0657969, 0.0663055, 0.0667019, 0.0669879, 0.0671697, 0.0672557, 0.0672622, 0.0671953, 0.0671047, 0.0669165, 0.0669393, 0.0663164, 0.0677364, 
0.0031875, 0.00485946, 0.00799791, 0.0107983, 0.0138264, 0.0168618, 0.0199397, 0.0230105, 0.0260538, 0.0290437, 0.0319605, 0.0347866, 0.0375072, 0.0401097, 0.0425844, 0.0449241, 0.0471241, 0.0491826, 0.0510999, 0.0528783, 0.0545216, 0.0560345, 0.0574226, 0.0586912, 0.059846, 0.0608919, 0.061834, 0.0626765, 0.0634235, 0.0640786, 0.0646454, 0.0651271, 0.0655268, 0.0658476, 0.0660925, 0.0662648, 0.0663677, 0.0664045, 0.0663789, 0.0662945, 0.0661554, 0.0659654, 0.0657287, 0.0654495, 0.0651321, 0.0647807, 0.0643994, 0.0639923, 0.0635636, 0.063117, 0.0626564, 0.0621851, 0.0617066, 0.0612241, 0.0607402, 0.0602578, 0.0597792, 0.0593065, 0.0588416, 0.0583861, 0.0579416, 0.057509, 0.0570895, 0.0566839, 0.0562926, 0.0559161, 0.0555547, 0.0552085, 0.0548775, 0.0545617, 0.0542608, 0.0539746, 0.0537028, 0.053445, 0.0532009, 0.05297, 0.0527518, 0.052546, 0.0523521, 0.0521696, 0.0519982, 0.0518374, 0.0516868, 0.051546, 0.0514148, 0.0512927, 0.0511794, 0.0510748, 0.0509785, 0.0508903, 0.0508098, 0.0507369, 0.0506713, 0.0506125, 0.050561, 0.0505143, 0.0504785, 0.0504351, 0.0504381, 0.0503281, 
-0.000398475, -0.000383883, -0.000574856, -0.000596959, -0.000580748, -0.0004989, -0.000374151, -0.000213242, -2.83586e-05, 0.000169582, 0.000369413, 0.000561028, 0.00073554, 0.000885482, 0.00100476, 0.0010886, 0.0011334, 0.00113662, 0.00109674, 0.00101313, 0.000886109, 0.000716908, 0.000507603, 0.000261024, -1.93965e-05, -0.000329789, -0.000666018, -0.00102382, -0.00139893, -0.00178715, -0.00218436, -0.0025866, -0.00299007, -0.00339112, -0.00378626, -0.00417223, -0.00454592, -0.00490445, -0.00524509, -0.00556528, -0.00586262, -0.00613481, -0.00637968, -0.00659515, -0.00677925, -0.0069301, -0.00704593, -0.00712506, -0.00716595, -0.00716717, -0.00712744, -0.00704561, -0.00692071, -0.00675191, -0.00653858, -0.00628027, -0.00597675, -0.00562797, -0.00523411, -0.00479557, -0.00431299, -0.00378723, -0.00321939, -0.00261081, -0.00196305, -0.0012779, -0.000557386, 0.000196269, 0.000980625, 0.00179305, 0.00263073, 0.00349069, 0.0043698, 0.00526477, 0.00617224, 0.00708871, 0.00801061, 0.00893432, 0.00985617, 0.0107725, 0.0116796, 0.0125738, 0.0134514, 0.014309, 0.0151431, 0.0159501, 0.0167269, 0.0174703, 0.0181772, 0.0188447, 0.01947, 0.0200503, 0.0205832, 0.0210657, 0.0214975, 0.0218707, 0.0222006, 0.0224333, 0.0227285, 0.0225896, 
-0.00070742, -0.000859854, -0.00137265, -0.00169313, -0.0020147, -0.00228156, -0.00252125, -0.00273342, -0.0029274, -0.0031098, -0.00328829, -0.00346982, -0.00366084, -0.00386711, -0.00409372, -0.00434513, -0.0046252, -0.00493719, -0.00528379, -0.00566707, -0.00608849, -0.0065489, -0.0070485, -0.00758695, -0.00816336, -0.0087764, -0.00942436, -0.0101052, -0.0108166, -0.0115561, -0.0123211, -0.0131087, -0.013916, -0.0147403, -0.0155786, -0.016428, -0.0172857, -0.0181491, -0.0190154, -0.0198822, -0.0207471, -0.0216077, -0.0224618, -0.0233073, -0.0241423, -0.0249648, -0.0257731, -0.0265654, -0.0273403, -0.0280961, -0.0288317, -0.0295457, -0.0302369, -0.0309042, -0.0315468, -0.0321637, -0.0327543, -0.0333179, -0.033854, -0.0343622, -0.0348422, -0.0352939, -0.0357172, -0.0361121, -0.0364789, -0.0368178, -0.0371292, -0.0374136, -0.0376717, -0.037904, -0.0381115, -0.0382949, -0.0384553, -0.0385936, -0.0387109, -0.0388084, -0.0388873, -0.0389488, -0.0389942, -0.0390247, -0.0390418, -0.0390467, -0.0390408, -0.0390254, -0.0390019, -0.0389716, -0.0389357, -0.0388956, -0.0388524, -0.0388072, -0.0387612, -0.0387151, -0.0386699, -0.038626, -0.0385852, -0.0385442, -0.0385148, -0.0384642, -0.0384922, -0.038303, 
0.000587616, 0.000943219, 0.00155014, 0.00211758, 0.00273819, 0.00337479, 0.00403306, 0.00470411, 0.00538363, 0.00606584, 0.00674561, 0.0074178, 0.00807753, 0.00872016, 0.00934133, 0.00993702, 0.0105036, 0.0110377, 0.0115363, 0.0119969, 0.0124171, 0.0127952, 0.0131295, 0.0134193, 0.0136638, 0.0138629, 0.0140166, 0.0141252, 0.0141894, 0.0142098, 0.0141875, 0.0141235, 0.0140193, 0.0138762, 0.0136959, 0.0134801, 0.0132305, 0.0129489, 0.0126371, 0.0122968, 0.0119298, 0.0115378, 0.0111227, 0.0106859, 0.0102294, 0.00975475, 0.00926357, 0.00875747, 0.00823803, 0.00770674, 0.00716511, 0.00661456, 0.00605652, 0.00549238, 0.00492349, 0.00435119, 0.00377677, 0.00320148, 0.00262655, 0.00205315, 0.00148243, 0.000915486, 0.000353377, -0.000202881, -0.000752314, -0.00129399, -0.00182703, -0.00235061, -0.00286394, -0.00336628, -0.00385697, -0.00433537, -0.00480089, -0.00525302, -0.00569127, -0.00611521, -0.00652445, -0.00691864, -0.0072975, -0.00766077, -0.00800823, -0.00833972, -0.00865508, -0.00895421, -0.00923705, -0.00950353, -0.00975365, -0.00998739, -0.0102048, -0.0104058, -0.0105905, -0.0107588, -0.0109108, -0.0110464, -0.011166, -0.0112678, -0.0113573, -0.0114176, -0.0115006, -0.0114477, 
0.000534327, 0.000855365, 0.001404, 0.00191711, 0.00247973, 0.00306138, 0.00366922, 0.00429758, 0.00494499, 0.00560889, 0.0062874, 0.00697861, 0.00768059, 0.00839139, 0.00910904, 0.00983162, 0.0105573, 0.0112845, 0.0120119, 0.0127382, 0.0134626, 0.0141844, 0.014903, 0.0156182, 0.0163296, 0.0170373, 0.0177412, 0.0184417, 0.0191391, 0.0198338, 0.0205266, 0.0212181, 0.0219091, 0.0226004, 0.0232928, 0.0239871, 0.0246841, 0.0253846, 0.0260894, 0.0267992, 0.0275147, 0.0282364, 0.0289649, 0.0297007, 0.030444, 0.0311952, 0.0319544, 0.0327218, 0.0334972, 0.0342806, 0.0350719, 0.0358707, 0.0366768, 0.0374896, 0.0383087, 0.0391336, 0.0399635, 0.0407977, 0.0416356, 0.0424763, 0.0433189, 0.0441625, 0.0450061, 0.0458488, 0.0466894, 0.0475271, 0.0483606, 0.0491888, 0.0500106, 0.0508249, 0.0516304, 0.0524259, 0.0532104, 0.0539826, 0.0547412, 0.0554852, 0.0562132, 0.0569242, 0.0576169, 0.0582902, 0.058943, 0.0595742, 0.0601826, 0.0607672, 0.0613269, 0.0618608, 0.0623678, 0.062847, 0.0632976, 0.0637186, 0.0641093, 0.0644691, 0.0647973, 0.0650936, 0.065357, 0.0655885, 0.0657836, 0.0659537, 0.0660658, 0.0662073, 
0.000920164, 0.0014171, 0.00231394, 0.00311491, 0.00397185, 0.00483488, 0.00571574, 0.00660622, 0.00750458, 0.00840821, 0.00931585, 0.0102261, 0.0111374, 0.0120476, 0.0129544, 0.0138552, 0.0147476, 0.0156294, 0.0164985, 0.0173535, 0.0181931, 0.0190163, 0.0198221, 0.0206096, 0.0213777, 0.0221256, 0.0228526, 0.023558, 0.0242415, 0.0249029, 0.0255421, 0.0261592, 0.0267545, 0.0273281, 0.0278804, 0.0284115, 0.0289219, 0.0294121, 0.0298824, 0.0303334, 0.0307657, 0.0311798, 0.0315764, 0.0319561, 0.0323193, 0.0326667, 0.0329989, 0.0333162, 0.0336194, 0.0339087, 0.0341849, 0.0344483, 0.0346993, 0.0349385, 0.0351662, 0.0353829, 0.0355888, 0.0357844, 0.0359701, 0.0361461, 0.0363127, 0.0364704, 0.0366194, 0.0367601, 0.0368926, 0.0370174, 0.0371347, 0.0372448, 0.037348, 0.0374445, 0.0375346, 0.0376187, 0.0376969, 0.0377695, 0.0378369, 0.0378991, 0.0379566, 0.0380096, 0.0380582, 0.0381028, 0.0381436, 0.0381807, 0.0382145, 0.0382451, 0.0382728, 0.0382978, 0.0383202, 0.0383403, 0.0383582, 0.0383741, 0.038388, 0.0384002, 0.0384107, 0.0384194, 0.0384268, 0.0384314, 0.0384379, 0.038432, 0.0384568, 0.0383838, 
-0.00031903, -0.000394791, -0.000638621, -0.000800906, -0.000964095, -0.00110368, -0.00122948, -0.00134004, -0.00143782, -0.00152448, -0.00160233, -0.00167348, -0.00173997, -0.00180355, -0.00186586, -0.00192836, -0.00199246, -0.00205953, -0.00213094, -0.00220803, -0.00229212, -0.00238438, -0.0024859, -0.00259759, -0.00272022, -0.00285442, -0.00300072, -0.00315957, -0.00333131, -0.00351622, -0.0037145, -0.00392625, -0.00415147, -0.00439008, -0.00464191, -0.00490671, -0.00518416, -0.00547389, -0.0057755, -0.00608854, -0.00641252, -0.00674695, -0.00709126, -0.00744491, -0.00780731, -0.00817786, -0.00855596, -0.008941, -0.00933239, -0.00972951, -0.0101318, -0.0105386, -0.0109493, -0.0113634, -0.0117804, -0.0121995, -0.0126204, -0.0130423, -0.0134649, -0.0138875, -0.0143096, -0.0147306, -0.0151502, -0.0155677, -0.0159826, -0.0163944, -0.0168026, -0.0172068, -0.0176064, -0.0180008, -0.0183897, -0.0187725, -0.0191487, -0.0195178, -0.0198794, -0.0202329, -0.0205779, -0.0209139, -0.0212404, -0.0215571, -0.0218634, -0.0221589, -0.0224431, -0.0227157, -0.0229761, -0.023224, -0.023459, -0.0236807, -0.0238886, -0.0240826, -0.0242624, -0.0244279, -0.024579, -0.0247162, -0.0248379, -0.02495, -0.0250353, -0.0251451, -0.0251265, -0.0254325, 
-0.0011583, -0.00161245, -0.00262275, -0.00342615, -0.00426926, -0.00507329, -0.00586335, -0.00663035, -0.00737674, -0.0081026, -0.00880986, -0.00950014, -0.0101748, -0.0108346, -0.0114802, -0.0121117, -0.0127293, -0.0133334, -0.0139245, -0.0145031, -0.0150699, -0.0156257, -0.0161709, -0.0167061, -0.0172315, -0.0177472, -0.0182534, -0.01875, -0.0192372, -0.0197151, -0.0201837, -0.020643, -0.0210931, -0.0215339, -0.0219652, -0.0223869, -0.0227988, -0.0232007, -0.0235924, -0.0239737, -0.0243444, -0.0247044, -0.0250534, -0.0253914, -0.025718, -0.0260332, -0.0263369, -0.0266289, -0.0269091, -0.0271776, -0.0274341, -0.0276789, -0.0279118, -0.028133, -0.0283426, -0.0285406, -0.0287273, -0.0289027, -0.0290671, -0.0292208, -0.0293639, -0.0294968, -0.0296197, -0.029733, -0.0298369, -0.0299319, -0.0300183, -0.0300965, -0.0301668, -0.0302296, -0.0302854, -0.0303345, -0.0303772, -0.0304141, -0.0304455, -0.0304718, -0.0304934, -0.0305106, -0.0305239, -0.0305336, -0.0305401, -0.0305437, -0.0305448, -0.0305437, -0.0305407, -0.0305362, -0.0305304, -0.0305236, -0.0305162, -0.0305082, -0.0305, -0.0304916, -0.0304833, -0.030475, -0.0304672, -0.0304582, -0.0304536, -0.0304366, -0.0304582, -0.030366, 
0.000435167, 0.000674678, 0.00109962, 0.00148105, 0.00189278, 0.00230945, 0.00273772, 0.00317352, 0.00361629, 0.00406454, 0.00451731, 0.00497351, 0.00543204, 0.00589165, 0.00635104, 0.00680887, 0.00726385, 0.00771473, 0.00816034, 0.0085996, 0.00903152, 0.00945519, 0.00986972, 0.0102743, 0.0106682, 0.0110507, 0.0114211, 0.011779, 0.0121236, 0.0124547, 0.0127718, 0.0130747, 0.0133632, 0.0136369, 0.0138959, 0.0141401, 0.0143695, 0.014584, 0.0147838, 0.0149691, 0.0151399, 0.0152966, 0.0154392, 0.0155682, 0.0156838, 0.0157863, 0.0158762, 0.0159537, 0.0160193, 0.0160733, 0.0161162, 0.0161484, 0.0161703, 0.0161823, 0.016185, 0.0161786, 0.0161638, 0.0161408, 0.0161102, 0.0160724, 0.0160279, 0.0159771, 0.0159203, 0.0158582, 0.015791, 0.0157192, 0.0156432, 0.0155636, 0.0154806, 0.0153946, 0.0153062, 0.0152157, 0.0151235, 0.01503, 0.0149356, 0.0148407, 0.0147456, 0.0146507, 0.0145565, 0.0144632, 0.0143713, 0.014281, 0.0141927, 0.0141066, 0.0140232, 0.0139426, 0.0138652, 0.0137912, 0.0137209, 0.0136546, 0.0135926, 0.0135353, 0.0134829, 0.0134365, 0.0133949, 0.0133636, 0.0133276, 0.0133333, 0.0132425, 0.0134705, 
0.00104392, 0.00154431, 0.00251589, 0.00334728, 0.00423745, 0.00512054, 0.00601627, 0.00691581, 0.00781989, 0.00872694, 0.0096369, 0.0105494, 0.011464, 0.0123798, 0.0132956, 0.0142104, 0.0151227, 0.0160316, 0.0169358, 0.0178347, 0.0187275, 0.0196135, 0.0204921, 0.0213626, 0.0222243, 0.0230765, 0.0239186, 0.02475, 0.02557, 0.0263784, 0.0271747, 0.0279587, 0.0287299, 0.0294883, 0.0302334, 0.0309652, 0.0316835, 0.0323881, 0.033079, 0.0337561, 0.0344194, 0.035069, 0.0357047, 0.0363268, 0.0369353, 0.0375302, 0.0381117, 0.0386799, 0.0392349, 0.0397768, 0.0403058, 0.040822, 0.0413256, 0.0418168, 0.0422956, 0.0427622, 0.0432169, 0.0436596, 0.0440907, 0.0445101, 0.0449181, 0.0453148, 0.0457002, 0.0460746, 0.046438, 0.0467905, 0.0471323, 0.0474634, 0.047784, 0.0480941, 0.0483938, 0.0486832, 0.0489623, 0.0492314, 0.0494903, 0.0497392, 0.0499782, 0.0502073, 0.0504265, 0.050636, 0.0508358, 0.051026, 0.0512065, 0.0513775, 0.0515391, 0.0516911, 0.0518338, 0.0519671, 0.0520911, 0.0522058, 0.0523112, 0.0524074, 0.0524944, 0.052572, 0.0526406, 0.0526994, 0.0527508, 0.0527871, 0.0528318, 0.0528128, 
0.000122279, 0.000225731, 0.000368129, 0.000515744, 0.000676271, 0.00084747, 0.00102902, 0.00122015, 0.00142016, 0.00162864, 0.0018453, 0.00206989, 0.0023021, 0.00254148, 0.00278751, 0.00303957, 0.00329703, 0.00355927, 0.00382578, 0.00409611, 0.00436988, 0.00464673, 0.0049263, 0.00520821, 0.00549204, 0.00577738, 0.00606381, 0.006351, 0.00663863, 0.00692645, 0.00721426, 0.00750186, 0.0077891, 0.0080758, 0.00836182, 0.00864699, 0.0089312, 0.00921432, 0.00949628, 0.00977702, 0.0100565, 0.0103347, 0.0106116, 0.0108872, 0.0111615, 0.0114343, 0.0117059, 0.011976, 0.0122447, 0.012512, 0.0127778, 0.0130422, 0.0133051, 0.0135665, 0.0138263, 0.0140845, 0.0143409, 0.0145956, 0.0148485, 0.0150993, 0.0153481, 0.0155947, 0.015839, 0.0160808, 0.0163199, 0.0165563, 0.0167897, 0.0170199, 0.0172468, 0.0174701, 0.0176898, 0.0179054, 0.0181169, 0.018324, 0.0185264, 0.0187241, 0.0189166, 0.0191039, 0.0192857, 0.0194617, 0.0196317, 0.0197956, 0.019953, 0.0201039, 0.020248, 0.0203851, 0.0205151, 0.0206377, 0.0207528, 0.0208602, 0.0209598, 0.0210511, 0.0211341, 0.021208, 0.0212738, 0.0213277, 0.0213797, 0.0213985, 0.021478, 0.0213352, 
-0.000610137, -0.000836545, -0.00136357, -0.0017774, -0.00221446, -0.002631, -0.00304179, -0.00344213, -0.0038339, -0.00421745, -0.00459411, -0.00496504, -0.00533124, -0.0056935, -0.00605244, -0.00640854, -0.00676229, -0.00711418, -0.0074648, -0.00781477, -0.00816477, -0.00851543, -0.00886735, -0.00922105, -0.00957694, -0.0099354, -0.0102968, -0.0106613, -0.0110294, -0.0114012, -0.0117771, -0.0121571, -0.0125416, -0.0129305, -0.0133241, -0.0137222, -0.0141248, -0.014532, -0.0149436, -0.0153595, -0.0157796, -0.0162037, -0.0166316, -0.017063, -0.0174977, -0.0179355, -0.0183759, -0.0188187, -0.0192635, -0.0197099, -0.0201575, -0.0206061, -0.021055, -0.021504, -0.0219526, -0.0224003, -0.0228467, -0.0232914, -0.023734, -0.0241738, -0.0246106, -0.0250439, -0.0254732, -0.025898, -0.026318, -0.0267326, -0.0271415, -0.0275443, -0.0279404, -0.0283296, -0.0287114, -0.0290853, -0.0294511, -0.0298083, -0.0301565, -0.0304955, -0.0308248, -0.0311442, -0.0314532, -0.0317517, -0.0320392, -0.0323154, -0.0325802, -0.0328332, -0.0330741, -0.0333027, -0.0335187, -0.033722, -0.0339122, -0.0340892, -0.0342529, -0.0344031, -0.0345397, -0.034663, -0.0347722, -0.0348693, -0.0349486, -0.0350264, -0.0350554, -0.0351723, 
-0.000541681, -0.000752225, -0.0012266, -0.00160441, -0.00200003, -0.00237768, -0.00274853, -0.00310848, -0.00345856, -0.00379898, -0.0041309, -0.00445535, -0.00477317, -0.00508492, -0.00539092, -0.00569134, -0.00598631, -0.00627603, -0.00656083, -0.00684117, -0.0071176, -0.00739064, -0.00766077, -0.00792836, -0.00819367, -0.00845689, -0.0087182, -0.00897777, -0.00923578, -0.00949247, -0.00974804, -0.0100027, -0.0102566, -0.0105099, -0.0107626, -0.0110148, -0.0112665, -0.0115176, -0.0117683, -0.0120183, -0.0122678, -0.0125167, -0.0127649, -0.0130124, -0.013259, -0.0135046, -0.013749, -0.0139922, -0.014234, -0.0144743, -0.0147128, -0.0149494, -0.015184, -0.0154164, -0.0156464, -0.0158739, -0.0160986, -0.0163204, -0.0165392, -0.0167547, -0.0169669, -0.0171755, -0.0173804, -0.0175815, -0.0177786, -0.0179715, -0.0181603, -0.0183446, -0.0185245, -0.0186998, -0.0188704, -0.0190363, -0.0191972, -0.0193533, -0.0195043, -0.0196502, -0.0197909, -0.0199265, -0.0200567, -0.0201817, -0.0203013, -0.0204156, -0.0205244, -0.0206278, -0.0207257, -0.0208181, -0.0209051, -0.0209866, -0.0210626, -0.021133, -0.0211979, -0.0212571, -0.0213106, -0.021358, -0.0214001, -0.0214342, -0.0214673, -0.0214785, -0.0215303, -0.0214344, 
0.000493549, 0.000739965, 0.00120415, 0.00160646, 0.00203846, 0.00246987, 0.00290995, 0.00335473, 0.00380466, 0.00425907, 0.00471796, 0.0051812, 0.00564856, 0.00611967, 0.00659402, 0.00707107, 0.00755022, 0.00803092, 0.00851268, 0.00899509, 0.00947776, 0.00996033, 0.0104425, 0.0109238, 0.0114039, 0.0118824, 0.012359, 0.0128332, 0.0133049, 0.0137736, 0.0142391, 0.0147012, 0.0151596, 0.0156141, 0.0160646, 0.0165107, 0.0169524, 0.0173894, 0.0178216, 0.0182488, 0.018671, 0.019088, 0.0194998, 0.0199062, 0.0203072, 0.0207026, 0.0210925, 0.0214768, 0.0218554, 0.0222283, 0.0225954, 0.0229568, 0.0233124, 0.0236621, 0.024006, 0.024344, 0.024676, 0.0250022, 0.0253223, 0.0256365, 0.0259446, 0.0262467, 0.0265427, 0.0268325, 0.0271162, 0.0273936, 0.0276647, 0.0279295, 0.0281879, 0.0284399, 0.0286853, 0.0289241, 0.0291562, 0.0293817, 0.0296002, 0.0298119, 0.0300166, 0.0302143, 0.0304047, 0.030588, 0.0307639, 0.0309324, 0.0310934, 0.0312469, 0.0313926, 0.0315305, 0.0316605, 0.0317825, 0.0318964, 0.0320022, 0.0320999, 0.0321895, 0.0322711, 0.0323451, 0.0324105, 0.0324712, 0.0325164, 0.0325787, 0.0325609, 0.0327517, 
0.000902577, 0.00133249, 0.00216935, 0.00288256, 0.00364252, 0.00439376, 0.00515275, 0.00591218, 0.00667268, 0.00743322, 0.00819411, 0.00895544, 0.00971709, 0.0104786, 0.0112392, 0.0119981, 0.0127542, 0.0135067, 0.0142549, 0.0149983, 0.0157365, 0.0164691, 0.0171957, 0.0179158, 0.0186289, 0.0193345, 0.020032, 0.0207208, 0.0214007, 0.0220711, 0.0227317, 0.0233824, 0.0240228, 0.0246526, 0.0252715, 0.0258794, 0.026476, 0.0270611, 0.0276344, 0.028196, 0.0287455, 0.0292831, 0.0298086, 0.030322, 0.0308232, 0.0313123, 0.0317891, 0.0322538, 0.0327064, 0.0331469, 0.0335754, 0.0339921, 0.0343969, 0.03479, 0.0351715, 0.0355416, 0.0359004, 0.036248, 0.0365845, 0.0369102, 0.0372252, 0.0375297, 0.0378238, 0.0381078, 0.0383817, 0.0386458, 0.0389002, 0.0391451, 0.0393808, 0.0396073, 0.0398248, 0.0400336, 0.0402338, 0.0404254, 0.0406089, 0.0407841, 0.0409514, 0.0411109, 0.0412627, 0.041407, 0.0415439, 0.0416735, 0.0417959, 0.0419114, 0.04202, 0.0421218, 0.0422169, 0.0423054, 0.0423875, 0.0424632, 0.0425325, 0.0425956, 0.0426524, 0.0427027, 0.0427472, 0.0427843, 0.0428181, 0.0428362, 0.0428764, 0.042824, 
-0.000144354, -0.000174957, -0.000286432, -0.000360609, -0.00043768, -0.000504552, -0.000565936, -0.000620532, -0.000669083, -0.000711732, -0.000748874, -0.000780819, -0.000807873, -0.000830306, -0.000848379, -0.000862357, -0.00087251, -0.000879112, -0.00088244, -0.000882766, -0.000880355, -0.000875468, -0.000868361, -0.00085929, -0.00084851, -0.00083627, -0.00082281, -0.000808356, -0.000793117, -0.000777286, -0.00076104, -0.000744543, -0.000727952, -0.000711413, -0.000695067, -0.000679042, -0.000663454, -0.000648406, -0.000633982, -0.000620255, -0.000607282, -0.00059511, -0.000583777, -0.000573314, -0.000563743, -0.00055508, -0.000547331, -0.000540492, -0.000534554, -0.000529496, -0.000525293, -0.000521913, -0.000519321, -0.000517479, -0.000516346, -0.000515878, -0.00051603, -0.000516753, -0.000517997, -0.000519713, -0.000521849, -0.000524354, -0.000527178, -0.000530272, -0.000533591, -0.000537089, -0.000540724, -0.000544455, -0.000548244, -0.000552055, -0.000555856, -0.000559615, -0.000563306, -0.000566905, -0.000570393, -0.000573751, -0.000576966, -0.000580028, -0.000582929, -0.000585662, -0.000588222, -0.000590604, -0.000592802, -0.000594808, -0.000596611, -0.000598199, -0.00059956, -0.000600693, -0.000601606, -0.000602342, -0.000602962, -0.000603637, -0.000604395, -0.000605902, -0.000607078, -0.000612158, -0.0006094, -0.000634671, -0.000580938, -0.000768276, 
-0.000788268, -0.00110719, -0.00180582, -0.00237076, -0.00296908, -0.00354682, -0.00412112, -0.00468554, -0.00524159, -0.005789, -0.00632879, -0.00686171, -0.0073884, -0.00790916, -0.00842404, -0.008933, -0.00943594, -0.00993283, -0.0104238, -0.010909, -0.0113888, -0.0118636, -0.0123335, -0.0127987, -0.0132595, -0.0137158, -0.0141677, -0.0146153, -0.0150588, -0.0154981, -0.0159334, -0.0163649, -0.0167926, -0.0172167, -0.0176371, -0.0180539, -0.0184671, -0.0188767, -0.0192827, -0.0196851, -0.0200839, -0.0204791, -0.0208706, -0.0212584, -0.0216425, -0.0220227, -0.0223991, -0.0227714, -0.0231397, -0.0235038, -0.0238637, -0.0242192, -0.0245702, -0.0249166, -0.0252582, -0.0255951, -0.025927, -0.0262537, -0.0265753, -0.0268915, -0.0272022, -0.0275073, -0.0278066, -0.0281001, -0.0283875, -0.0286689, -0.0289439, -0.0292126, -0.0294748, -0.0297304, -0.0299792, -0.0302212, -0.0304562, -0.0306842, -0.0309051, -0.0311187, -0.031325, -0.0315239, -0.0317152, -0.031899, -0.0320752, -0.0322436, -0.0324042, -0.032557, -0.0327019, -0.0328388, -0.0329678, -0.0330886, -0.0332014, -0.033306, -0.0334024, -0.0334906, -0.0335706, -0.0336424, -0.0337059, -0.0337612, -0.0338081, -0.0338471, -0.0338773, -0.033899, 
-0.000129968, -0.000167741, -0.000275562, -0.000354751, -0.000435491, -0.000508889, -0.00057771, -0.000641039, -0.000699217, -0.000752538, -0.000801582, -0.000846926, -0.000889066, -0.000928388, -0.000965177, -0.000999652, -0.00103201, -0.00106249, -0.00109138, -0.00111901, -0.00114578, -0.00117206, -0.00119818, -0.00122444, -0.00125108, -0.00127829, -0.00130625, -0.00133516, -0.00136521, -0.00139662, -0.00142958, -0.00146429, -0.00150093, -0.00153964, -0.00158053, -0.0016237, -0.00166922, -0.00171715, -0.00176756, -0.0018205, -0.00187601, -0.00193413, -0.00199485, -0.00205819, -0.00212411, -0.00219257, -0.00226353, -0.00233691, -0.00241266, -0.00249068, -0.00257089, -0.0026532, -0.00273749, -0.00282364, -0.00291153, -0.00300103, -0.00309198, -0.00318423, -0.00327765, -0.00337206, -0.00346731, -0.00356323, -0.00365965, -0.00375641, -0.00385333, -0.00395023, -0.00404695, -0.00414329, -0.0042391, -0.0043342, -0.00442841, -0.00452157, -0.00461351, -0.00470405, -0.00479304, -0.00488032, -0.00496572, -0.0050491, -0.00513031, -0.0052092, -0.00528563, -0.00535947, -0.0054306, -0.00549889, -0.00556425, -0.00562657, -0.00568576, -0.00574173, -0.00579436, -0.00584355, -0.00588918, -0.00593103, -0.00596901, -0.00600254, -0.00603245, -0.00605521, -0.00608048, -0.00607849, -0.00613828, -0.00599238, 
0.000683833, 0.00100546, 0.00163632, 0.00217168, 0.0027437, 0.00330908, 0.00388124, 0.0044547, 0.00503033, 0.00560747, 0.00618645, 0.00676741, 0.00735038, 0.00793513, 0.00852128, 0.00910833, 0.00969576, 0.0102831, 0.0108699, 0.011456, 0.012041, 0.0126248, 0.0132071, 0.0137876, 0.0143661, 0.0149422, 0.0155156, 0.0160859, 0.0166528, 0.0172161, 0.0177756, 0.0183311, 0.0188822, 0.0194288, 0.0199707, 0.0205077, 0.0210394, 0.0215658, 0.0220866, 0.0226017, 0.0231108, 0.0236139, 0.0241107, 0.0246012, 0.0250851, 0.0255624, 0.0260329, 0.0264965, 0.0269531, 0.0274025, 0.0278448, 0.0282797, 0.0287072, 0.0291272, 0.0295397, 0.0299445, 0.0303416, 0.030731, 0.0311124, 0.031486, 0.0318516, 0.0322092, 0.0325588, 0.0329002, 0.0332334, 0.0335585, 0.0338753, 0.0341837, 0.0344839, 0.0347756, 0.0350589, 0.0353338, 0.0356001, 0.0358579, 0.0361071, 0.0363477, 0.0365797, 0.0368029, 0.0370174, 0.0372232, 0.0374201, 0.0376082, 0.0377875, 0.0379578, 0.0381191, 0.0382715, 0.0384148, 0.0385491, 0.0386742, 0.0387902, 0.0388971, 0.0389949, 0.0390837, 0.0391636, 0.0392342, 0.0392974, 0.039348, 0.0394014, 0.0394122, 0.0395138, 
0.000538202, 0.000802198, 0.00130529, 0.00173792, 0.00219845, 0.00265523, 0.00311755, 0.00358123, 0.0040466, 0.00451316, 0.00498121, 0.00545096, 0.00592247, 0.00639554, 0.0068698, 0.00734475, 0.00781984, 0.00829459, 0.00876864, 0.00924171, 0.00971364, 0.0101843, 0.0106534, 0.0111208, 0.0115861, 0.012049, 0.0125091, 0.0129662, 0.0134199, 0.01387, 0.0143164, 0.0147587, 0.0151969, 0.0156307, 0.01606, 0.0164845, 0.016904, 0.0173183, 0.0177272, 0.0181307, 0.0185286, 0.0189206, 0.0193069, 0.0196871, 0.0200613, 0.0204293, 0.020791, 0.0211463, 0.0214952, 0.0218376, 0.0221734, 0.0225026, 0.0228251, 0.023141, 0.0234502, 0.0237526, 0.0240482, 0.024337, 0.0246191, 0.0248944, 0.0251628, 0.0254245, 0.0256793, 0.0259274, 0.0261687, 0.0264032, 0.026631, 0.0268521, 0.0270665, 0.0272741, 0.0274751, 0.0276695, 0.0278572, 0.0280384, 0.0282129, 0.0283809, 0.0285424, 0.0286974, 0.0288459, 0.0289879, 0.0291234, 0.0292526, 0.0293753, 0.0294917, 0.0296017, 0.0297054, 0.0298027, 0.0298938, 0.0299787, 0.0300572, 0.0301294, 0.0301953, 0.0302548, 0.0303076, 0.0303542, 0.0303924, 0.0304288, 0.0304427, 0.0304965, 0.0304023, 
-0.000372233, -0.000510715, -0.000834211, -0.00108946, -0.00136023, -0.00161927, -0.00187559, -0.00212606, -0.00237165, -0.00261229, -0.00284853, -0.00308076, -0.00330933, -0.00353444, -0.00375623, -0.00397478, -0.00419017, -0.00440248, -0.00461187, -0.00481852, -0.00502262, -0.00522439, -0.00542402, -0.00562168, -0.00581752, -0.00601167, -0.00620425, -0.00639539, -0.0065852, -0.0067738, -0.00696132, -0.00714786, -0.00733353, -0.00751842, -0.00770262, -0.00788617, -0.00806916, -0.00825161, -0.00843358, -0.0086151, -0.00879617, -0.00897683, -0.00915707, -0.0093369, -0.00951629, -0.00969522, -0.00987368, -0.0100516, -0.010229, -0.0104057, -0.0105817, -0.010757, -0.0109315, -0.011105, -0.0112776, -0.011449, -0.0116193, -0.0117882, -0.0119558, -0.0121218, -0.0122863, -0.0124489, -0.0126098, -0.0127686, -0.0129253, -0.0130798, -0.0132319, -0.0133815, -0.0135286, -0.0136728, -0.0138142, -0.0139526, -0.0140878, -0.0142198, -0.0143485, -0.0144736, -0.0145951, -0.0147129, -0.0148269, -0.0149369, -0.0150429, -0.0151447, -0.0152422, -0.0153354, -0.0154241, -0.0155082, -0.0155877, -0.0156624, -0.0157322, -0.0157972, -0.0158573, -0.0159125, -0.0159629, -0.0160088, -0.0160494, -0.0160878, -0.0161154, -0.0161583, -0.0161384, -0.0162882, 
-0.00066182, -0.000934709, -0.00152539, -0.00200646, -0.00251577, -0.00300902, -0.00349999, -0.00398331, -0.00446002, -0.00492986, -0.00539363, -0.00585198, -0.00630539, -0.00675403, -0.00719789, -0.0076368, -0.00807056, -0.00849906, -0.00892229, -0.00934039, -0.00975355, -0.010162, -0.010566, -0.0109655, -0.0113606, -0.0117514, -0.0121378, -0.0125198, -0.0128974, -0.0132708, -0.01364, -0.014005, -0.014366, -0.0147231, -0.0150761, -0.0154253, -0.0157705, -0.0161117, -0.016449, -0.0167825, -0.017112, -0.0174376, -0.0177593, -0.0180771, -0.0183911, -0.0187011, -0.0190071, -0.0193092, -0.0196072, -0.0199011, -0.020191, -0.0204767, -0.0207582, -0.0210355, -0.0213085, -0.0215771, -0.0218413, -0.0221011, -0.0223563, -0.0226069, -0.0228529, -0.0230941, -0.0233305, -0.023562, -0.0237886, -0.0240102, -0.0242267, -0.024438, -0.0246441, -0.0248449, -0.0250404, -0.0252304, -0.0254149, -0.0255938, -0.0257671, -0.0259347, -0.0260965, -0.0262525, -0.0264027, -0.0265469, -0.0266851, -0.0268173, -0.0269434, -0.0270634, -0.0271772, -0.0272847, -0.0273861, -0.0274811, -0.0275698, -0.0276522, -0.0277281, -0.0277976, -0.0278605, -0.0279168, -0.0279667, -0.028009, -0.0280469, -0.0280707, -0.0281097, -0.0280744, 
0.000145055, 0.000223766, 0.000362275, 0.000484992, 0.00061799, 0.000752216, 0.000890608, 0.00103197, 0.0011765, 0.00132388, 0.00147399, 0.0016266, 0.00178151, 0.00193852, 0.00209742, 0.00225799, 0.00242003, 0.00258334, 0.00274769, 0.00291286, 0.00307862, 0.00324476, 0.00341105, 0.0035773, 0.00374332, 0.00390896, 0.00407404, 0.00423839, 0.00440185, 0.00456425, 0.00472542, 0.00488519, 0.00504343, 0.00519999, 0.00535474, 0.00550756, 0.00565836, 0.00580701, 0.00595342, 0.00609749, 0.00623913, 0.00637824, 0.00651475, 0.00664859, 0.00677971, 0.00690804, 0.00703355, 0.0071562, 0.00727595, 0.00739276, 0.00750663, 0.00761752, 0.00772542, 0.00783034, 0.00793227, 0.00803121, 0.00812718, 0.00822019, 0.00831026, 0.0083974, 0.00848165, 0.00856303, 0.00864158, 0.00871733, 0.00879031, 0.00886057, 0.00892815, 0.00899309, 0.00905544, 0.00911524, 0.00917255, 0.00922741, 0.00927986, 0.00932996, 0.00937777, 0.00942332, 0.00946667, 0.00950786, 0.00954696, 0.009584, 0.00961904, 0.00965211, 0.00968325, 0.00971251, 0.0097399, 0.00976546, 0.0097892, 0.00981115, 0.00983136, 0.00984987, 0.00986677, 0.00988221, 0.00989623, 0.0099094, 0.00992084, 0.00993406, 0.00993939, 0.00996636, 0.00992692, 0.0100842, 
0.000729503, 0.00106858, 0.00173923, 0.00230586, 0.00290972, 0.00350483, 0.00410531, 0.00470535, 0.00530582, 0.00590608, 0.00650658, 0.00710759, 0.00770922, 0.00831131, 0.0089135, 0.00951529, 0.0101162, 0.0107156, 0.0113134, 0.0119091, 0.0125027, 0.0130939, 0.0136827, 0.0142688, 0.0148518, 0.0154316, 0.0160077, 0.0165798, 0.0171478, 0.0177113, 0.0182702, 0.0188242, 0.0193732, 0.019917, 0.0204554, 0.0209882, 0.0215151, 0.0220359, 0.0225506, 0.0230588, 0.0235606, 0.0240556, 0.0245438, 0.0250251, 0.0254993, 0.0259662, 0.0264259, 0.026878, 0.0273226, 0.0277596, 0.0281888, 0.0286102, 0.0290237, 0.0294292, 0.0298267, 0.0302161, 0.0305973, 0.0309703, 0.0313351, 0.0316915, 0.0320397, 0.0323794, 0.0327108, 0.0330338, 0.0333484, 0.0336545, 0.0339521, 0.0342413, 0.034522, 0.0347942, 0.0350579, 0.0353131, 0.0355599, 0.0357982, 0.036028, 0.0362493, 0.0364622, 0.0366667, 0.0368626, 0.0370502, 0.0372294, 0.0374001, 0.0375624, 0.0377164, 0.037862, 0.0379992, 0.0381281, 0.0382486, 0.0383607, 0.0384645, 0.03856, 0.0386472, 0.0387262, 0.0387969, 0.0388594, 0.0389139, 0.0389596, 0.0389992, 0.039025, 0.0390578, 
0.000218356, 0.00033691, 0.000547102, 0.000733625, 0.000932027, 0.00113109, 0.00133383, 0.00153871, 0.00174569, 0.00195454, 0.00216541, 0.00237837, 0.00259345, 0.00281057, 0.00302953, 0.00325006, 0.00347189, 0.00369475, 0.00391844, 0.00414283, 0.00436782, 0.00459332, 0.00481923, 0.00504538, 0.0052716, 0.00549769, 0.00572343, 0.00594863, 0.00617312, 0.00639676, 0.00661943, 0.00684099, 0.00706133, 0.00728031, 0.0074978, 0.00771364, 0.00792771, 0.00813987, 0.00834999, 0.00855798, 0.00876372, 0.00896714, 0.00916813, 0.00936662, 0.00956249, 0.00975568, 0.0099461, 0.0101337, 0.0103183, 0.0105, 0.0106786, 0.0108541, 0.0110265, 0.0111956, 0.0113615, 0.0115242, 0.0116835, 0.0118394, 0.011992, 0.0121412, 0.0122869, 0.0124291, 0.0125678, 0.0127031, 0.0128348, 0.0129631, 0.0130877, 0.0132089, 0.0133264, 0.0134405, 0.0135509, 0.0136579, 0.0137612, 0.013861, 0.0139572, 0.0140499, 0.014139, 0.0142246, 0.0143066, 0.0143851, 0.01446, 0.0145314, 0.0145993, 0.0146637, 0.0147246, 0.014782, 0.0148359, 0.0148864, 0.0149334, 0.014977, 0.0150171, 0.0150536, 0.0150864, 0.0151152, 0.0151406, 0.0151597, 0.015181, 0.0151784, 0.0152299, 0.0151014, 
-0.000540822, -0.000759172, -0.00123935, -0.00162816, -0.00204114, -0.00244077, -0.00283904, -0.00323146, -0.00361906, -0.0040016, -0.0043797, -0.00475378, -0.00512419, -0.00549106, -0.00585439, -0.00621407, -0.00657, -0.00692211, -0.0072704, -0.00761496, -0.00795594, -0.00829347, -0.00862769, -0.00895866, -0.00928645, -0.00961106, -0.0099325, -0.0102508, -0.010566, -0.0108781, -0.0111873, -0.0114935, -0.0117968, -0.0120972, -0.0123949, -0.0126897, -0.0129818, -0.013271, -0.0135575, -0.0138412, -0.0141221, -0.0144003, -0.0146757, -0.0149483, -0.0152181, -0.015485, -0.0157491, -0.0160103, -0.0162686, -0.016524, -0.0167763, -0.0170255, -0.0172717, -0.0175146, -0.0177544, -0.0179909, -0.018224, -0.0184537, -0.0186799, -0.0189025, -0.0191215, -0.0193368, -0.0195482, -0.0197558, -0.0199595, -0.020159, -0.0203545, -0.0205457, -0.0207326, -0.0209151, -0.0210931, -0.0212665, -0.0214353, -0.0215994, -0.0217586, -0.0219129, -0.0220622, -0.0222064, -0.0223455, -0.0224793, -0.0226078, -0.0227309, -0.0228486, -0.0229607, -0.0230672, -0.0231681, -0.0232631, -0.0233524, -0.0234358, -0.0235132, -0.0235847, -0.0236503, -0.02371, -0.0237639, -0.0238117, -0.023855, -0.023889, -0.0239282, -0.0239296, -0.02402, 
-0.000421676, -0.000594251, -0.000970818, -0.00127725, -0.00160119, -0.0019147, -0.00222635, -0.00253275, -0.0028345, -0.00313147, -0.00342425, -0.00371331, -0.00399903, -0.00428156, -0.0045609, -0.00483695, -0.00510958, -0.00537872, -0.00564439, -0.00590669, -0.00616582, -0.00642194, -0.00667522, -0.00692575, -0.00717356, -0.00741867, -0.00766106, -0.00790075, -0.00813777, -0.00837219, -0.00860409, -0.00883356, -0.00906064, -0.00928541, -0.00950789, -0.00972809, -0.00994602, -0.0101617, -0.0103752, -0.0105864, -0.0107954, -0.0110023, -0.011207, -0.0114096, -0.01161, -0.0118082, -0.0120043, -0.0121982, -0.0123898, -0.0125792, -0.0127664, -0.0129513, -0.0131338, -0.013314, -0.0134918, -0.0136672, -0.0138402, -0.0140105, -0.0141784, -0.0143436, -0.0145061, -0.0146659, -0.0148229, -0.014977, -0.0151283, -0.0152765, -0.0154218, -0.0155639, -0.0157029, -0.0158386, -0.0159711, -0.0161001, -0.0162258, -0.0163479, -0.0164665, -0.0165815, -0.0166928, -0.0168003, -0.016904, -0.0170039, -0.0170997, -0.0171916, -0.0172795, -0.0173632, -0.0174429, -0.0175183, -0.0175895, -0.0176564, -0.017719, -0.0177772, -0.017831, -0.0178802, -0.0179249, -0.0179645, -0.0179998, -0.0180285, -0.0180566, -0.0180658, -0.0181107, -0.018027, 
0.000367974, 0.000542111, 0.000881208, 0.00116905, 0.00147704, 0.00178158, 0.00209015, 0.00239979, 0.00271105, 0.00302356, 0.00333747, 0.00365281, 0.00396955, 0.00428756, 0.00460665, 0.00492656, 0.00524705, 0.00556785, 0.00588878, 0.00620966, 0.00653034, 0.00685067, 0.00717051, 0.00748971, 0.00780809, 0.00812548, 0.00844169, 0.00875657, 0.00906994, 0.00938164, 0.00969154, 0.00999948, 0.0103053, 0.0106089, 0.0109102, 0.0112089, 0.0115051, 0.0117984, 0.0120889, 0.0123764, 0.0126607, 0.0129418, 0.0132196, 0.0134939, 0.0137647, 0.0140318, 0.0142952, 0.0145548, 0.0148105, 0.0150623, 0.0153099, 0.0155535, 0.0157928, 0.0160279, 0.0162587, 0.0164851, 0.0167071, 0.0169245, 0.0171375, 0.0173459, 0.0175497, 0.0177488, 0.0179433, 0.018133, 0.018318, 0.0184982, 0.0186736, 0.0188442, 0.0190099, 0.0191708, 0.0193268, 0.0194779, 0.0196242, 0.0197655, 0.0199018, 0.0200333, 0.0201598, 0.0202814, 0.020398, 0.0205097, 0.0206164, 0.0207181, 0.0208149, 0.0209067, 0.0209936, 0.0210754, 0.0211523, 0.0212241, 0.0212909, 0.0213527, 0.0214096, 0.0214616, 0.0215088, 0.0215516, 0.0215892, 0.0216245, 0.0216499, 0.021688, 0.0216717, 0.0218007, 
0.000614324, 0.000901565, 0.00146728, 0.00194602, 0.00245556, 0.00295777, 0.00346426, 0.0039702, 0.00447625, 0.00498194, 0.00548769, 0.0059938, 0.00650044, 0.00700749, 0.00751469, 0.00802162, 0.00852784, 0.00903298, 0.00953674, 0.010039, 0.0105395, 0.0110384, 0.0115354, 0.0120304, 0.0125232, 0.0130134, 0.0135009, 0.0139854, 0.0144666, 0.0149445, 0.0154188, 0.0158893, 0.016356, 0.0168187, 0.0172772, 0.0177313, 0.0181809, 0.0186257, 0.0190657, 0.0195006, 0.0199304, 0.020355, 0.0207741, 0.0211877, 0.0215956, 0.0219978, 0.0223941, 0.0227844, 0.0231686, 0.0235466, 0.0239183, 0.0242836, 0.0246425, 0.0249949, 0.0253406, 0.0256797, 0.026012, 0.0263375, 0.0266562, 0.0269679, 0.0272727, 0.0275704, 0.0278611, 0.0281446, 0.0284211, 0.0286903, 0.0289523, 0.0292071, 0.0294547, 0.029695, 0.0299279, 0.0301536, 0.0303719, 0.0305828, 0.0307864, 0.0309826, 0.0311715, 0.0313529, 0.031527, 0.0316937, 0.0318529, 0.0320048, 0.0321492, 0.0322862, 0.0324159, 0.0325381, 0.032653, 0.0327604, 0.0328605, 0.0329531, 0.0330384, 0.0331162, 0.0331865, 0.0332493, 0.0333048, 0.0333521, 0.0333936, 0.0334218, 0.0334599, 0.0334365, 
-5.17392e-05, -5.55608e-05, -9.25235e-05, -0.000113458, -0.000135954, -0.000154032, -0.000169948, -0.000183104, -0.000193874, -0.000202268, -0.00020839, -0.000212288, -0.000214028, -0.000213679, -0.000211329, -0.00020708, -0.000201041, -0.000193321, -0.000184014, -0.000173201, -0.000160953, -0.000147341, -0.000132442, -0.000116346, -9.91557e-05, -8.0979e-05, -6.19254e-05, -4.20977e-05, -2.15888e-05, -4.81806e-07, 2.11474e-05, 4.32256e-05, 6.56783e-05, 8.84283e-05, 0.000111396, 0.000134501, 0.000157667, 0.000180821, 0.000203899, 0.000226842, 0.000249596, 0.000272113, 0.000294343, 0.000316239, 0.000337757, 0.000358852, 0.000379485, 0.000399618, 0.000419221, 0.000438266, 0.000456729, 0.000474591, 0.000491834, 0.000508442, 0.000524402, 0.000539702, 0.000554336, 0.000568297, 0.000581583, 0.000594195, 0.000606135, 0.000617411, 0.000628028, 0.000637996, 0.000647326, 0.00065603, 0.000664122, 0.000671619, 0.000678538, 0.000684896, 0.000690716, 0.000696016, 0.000700819, 0.000705148, 0.000709025, 0.000712472, 0.000715513, 0.00071817, 0.000720467, 0.000722428, 0.000724076, 0.000725437, 0.000726538, 0.000727411, 0.000728087, 0.000728601, 0.000728986, 0.000729269, 0.00072947, 0.000729582, 0.000729588, 0.000729388, 0.000728985, 0.00072793, 0.000727, 0.000723233, 0.0007249, 0.000706826, 0.000744133, 0.000612422, 
-0.00057493, -0.000813182, -0.0013275, -0.0017475, -0.00219348, -0.00262652, -0.00305885, -0.00348571, -0.00390807, -0.00432561, -0.00473896, -0.00514856, -0.00555474, -0.00595759, -0.00635704, -0.00675292, -0.00714501, -0.00753317, -0.00791735, -0.00829759, -0.00867399, -0.00904666, -0.0094157, -0.00978115, -0.010143, -0.0105012, -0.0108557, -0.0112064, -0.0115534, -0.0118967, -0.0122363, -0.0125722, -0.0129045, -0.0132331, -0.0135581, -0.0138795, -0.0141972, -0.0145112, -0.0148215, -0.0151281, -0.015431, -0.0157302, -0.0160257, -0.0163174, -0.0166054, -0.0168896, -0.01717, -0.0174466, -0.0177193, -0.0179881, -0.018253, -0.0185139, -0.0187709, -0.0190238, -0.0192726, -0.0195174, -0.0197579, -0.0199943, -0.0202265, -0.0204543, -0.0206778, -0.0208969, -0.0211116, -0.0213218, -0.0215274, -0.0217285, -0.0219249, -0.0221165, -0.0223035, -0.0224856, -0.0226628, -0.0228351, -0.0230025, -0.0231648, -0.023322, -0.023474, -0.0236209, -0.0237625, -0.0238989, -0.0240299, -0.0241555, -0.0242756, -0.0243903, -0.0244994, -0.024603, -0.0247009, -0.0247931, -0.0248797, -0.0249605, -0.0250355, -0.0251047, -0.0251681, -0.0252257, -0.0252775, -0.0253234, -0.0253638, -0.0253975, -0.025428, -0.0254452, -0.0254776, 
-0.000168662, -0.000232949, -0.000381982, -0.000501123, -0.000626145, -0.000745916, -0.000863727, -0.000978213, -0.00108957, -0.00119781, -0.00130325, -0.00140618, -0.00150684, -0.00160535, -0.00170174, -0.00179599, -0.00188806, -0.00197796, -0.00206572, -0.00215145, -0.00223529, -0.00231738, -0.00239785, -0.00247678, -0.00255422, -0.0026302, -0.00270475, -0.00277791, -0.00284971, -0.00292024, -0.00298957, -0.00305779, -0.00312495, -0.00319113, -0.00325636, -0.00332069, -0.00338413, -0.00344674, -0.00350854, -0.00356957, -0.00362988, -0.00368951, -0.00374849, -0.00380684, -0.0038646, -0.00392178, -0.00397839, -0.00403445, -0.00408996, -0.00414494, -0.0041994, -0.00425334, -0.00430677, -0.00435969, -0.00441208, -0.00446396, -0.0045153, -0.00456609, -0.00461633, -0.00466599, -0.00471506, -0.00476353, -0.00481137, -0.00485856, -0.00490508, -0.0049509, -0.004996, -0.00504034, -0.00508391, -0.00512666, -0.00516857, -0.0052096, -0.00524974, -0.00528893, -0.00532716, -0.00536438, -0.00540056, -0.00543568, -0.00546968, -0.00550255, -0.00553425, -0.00556475, -0.00559402, -0.00562204, -0.00564878, -0.00567423, -0.00569838, -0.00572118, -0.00574263, -0.00576268, -0.00578127, -0.00579828, -0.00581368, -0.00582705, -0.00583905, -0.00584705, -0.00585834, -0.00585058, -0.00589055, -0.0057779, 
0.000503428, 0.000736174, 0.0011977, 0.00158671, 0.00200162, 0.00241027, 0.00282271, 0.00323493, 0.00364763, 0.00406038, 0.0044735, 0.00488717, 0.00530146, 0.0057163, 0.00613146, 0.00654665, 0.00696154, 0.00737587, 0.00778941, 0.00820201, 0.00861357, 0.009024, 0.00943317, 0.00984095, 0.0102472, 0.0106516, 0.0110542, 0.0114545, 0.0118526, 0.0122482, 0.0126413, 0.0130316, 0.0134191, 0.0138035, 0.0141849, 0.014563, 0.0149377, 0.0153088, 0.0156763, 0.0160399, 0.0163996, 0.0167553, 0.0171069, 0.0174542, 0.0177971, 0.0181356, 0.0184694, 0.0187986, 0.019123, 0.0194426, 0.0197572, 0.0200667, 0.0203712, 0.0206704, 0.0209643, 0.0212529, 0.0215361, 0.0218138, 0.0220859, 0.0223524, 0.0226132, 0.0228683, 0.0231176, 0.0233611, 0.0235987, 0.0238303, 0.024056, 0.0242757, 0.0244893, 0.0246969, 0.0248983, 0.0250936, 0.0252827, 0.0254656, 0.0256423, 0.0258127, 0.0259768, 0.0261347, 0.0262862, 0.0264314, 0.0265702, 0.0267027, 0.0268288, 0.0269485, 0.0270618, 0.0271686, 0.027269, 0.0273629, 0.0274504, 0.0275314, 0.0276059, 0.027674, 0.0277358, 0.0277913, 0.0278404, 0.0278845, 0.0279192, 0.0279579, 0.027961, 0.0280454, 
0.000419678, 0.000620156, 0.00100884, 0.00133987, 0.00169182, 0.00203943, 0.00239025, 0.00274107, 0.00309226, 0.00344351, 0.00379514, 0.00414739, 0.0045004, 0.00485411, 0.00520832, 0.00556275, 0.00591708, 0.00627104, 0.00662442, 0.00697713, 0.0073291, 0.00768028, 0.00803062, 0.00837999, 0.00872822, 0.00907513, 0.0094205, 0.00976417, 0.010106, 0.0104458, 0.0107835, 0.011119, 0.0114521, 0.0117829, 0.012111, 0.0124365, 0.0127591, 0.0130787, 0.0133953, 0.0137086, 0.0140186, 0.0143252, 0.0146283, 0.0149278, 0.0152235, 0.0155155, 0.0158036, 0.0160876, 0.0163676, 0.0166434, 0.016915, 0.0171822, 0.0174451, 0.0177034, 0.0179573, 0.0182065, 0.0184511, 0.0186909, 0.018926, 0.0191562, 0.0193815, 0.0196019, 0.0198172, 0.0200276, 0.0202328, 0.020433, 0.0206279, 0.0208177, 0.0210023, 0.0211816, 0.0213556, 0.0215243, 0.0216876, 0.0218456, 0.0219982, 0.0221454, 0.0222872, 0.0224235, 0.0225543, 0.0226797, 0.0227995, 0.0229139, 0.0230228, 0.0231261, 0.0232239, 0.0233162, 0.0234029, 0.0234841, 0.0235598, 0.0236299, 0.0236944, 0.0237532, 0.0238064, 0.0238536, 0.0238953, 0.0239298, 0.023962, 0.0239766, 0.0240196, 0.0239522, 
-0.00026374, -0.000363942, -0.000595147, -0.000779281, -0.000975372, -0.00116407, -0.00135169, -0.00153596, -0.00171748, -0.00189611, -0.00207213, -0.00224572, -0.00241701, -0.00258606, -0.00275287, -0.00291742, -0.00307966, -0.0032396, -0.00339723, -0.0035526, -0.00370576, -0.00385678, -0.0040057, -0.00415258, -0.00429744, -0.00444033, -0.00458126, -0.00472027, -0.00485739, -0.00499265, -0.00512609, -0.00525775, -0.00538766, -0.00551585, -0.00564237, -0.00576723, -0.00589047, -0.00601211, -0.00613216, -0.00625066, -0.00636761, -0.00648304, -0.00659696, -0.00670938, -0.00682033, -0.0069298, -0.0070378, -0.00714435, -0.00724944, -0.00735308, -0.00745526, -0.00755598, -0.00765523, -0.00775302, -0.00784933, -0.00794415, -0.00803747, -0.00812929, -0.00821957, -0.00830831, -0.0083955, -0.0084811, -0.0085651, -0.00864748, -0.00872822, -0.00880729, -0.00888466, -0.00896032, -0.00903423, -0.00910636, -0.0091767, -0.00924521, -0.00931186, -0.00937663, -0.00943948, -0.00950038, -0.00955932, -0.00961625, -0.00967116, -0.00972401, -0.00977478, -0.00982343, -0.00986994, -0.00991428, -0.00995641, -0.00999629, -0.0100339, -0.0100692, -0.0101021, -0.0101328, -0.0101611, -0.0101871, -0.0102109, -0.0102328, -0.0102522, -0.0102714, -0.0102839, -0.0103095, -0.0102893, -0.0103983, 
-0.000492259, -0.000697888, -0.00113965, -0.0015015, -0.00188549, -0.00225873, -0.00263144, -0.00299958, -0.00336388, -0.00372409, -0.00408076, -0.00443429, -0.00478497, -0.0051329, -0.00547799, -0.00582007, -0.00615894, -0.00649444, -0.00682652, -0.0071552, -0.00748059, -0.00780279, -0.00812187, -0.00843786, -0.00875073, -0.00906043, -0.0093669, -0.0096701, -0.00997, -0.0102666, -0.0105599, -0.01085, -0.0111369, -0.0114206, -0.011701, -0.0119782, -0.0122521, -0.0125227, -0.01279, -0.0130539, -0.0133146, -0.0135719, -0.0138259, -0.0140765, -0.0143238, -0.0145677, -0.0148082, -0.0150453, -0.0152788, -0.015509, -0.0157356, -0.0159586, -0.0161782, -0.0163941, -0.0166064, -0.0168151, -0.0170202, -0.0172215, -0.017419, -0.0176128, -0.0178028, -0.017989, -0.0181712, -0.0183495, -0.0185239, -0.0186943, -0.0188607, -0.0190229, -0.0191811, -0.0193351, -0.0194849, -0.0196305, -0.0197718, -0.0199087, -0.0200414, -0.0201696, -0.0202934, -0.0204128, -0.0205276, -0.0206379, -0.0207437, -0.0208448, -0.0209413, -0.021033, -0.0211201, -0.0212025, -0.0212801, -0.0213529, -0.0214209, -0.021484, -0.0215422, -0.0215955, -0.0216439, -0.0216872, -0.0217256, -0.0217584, -0.0217875, -0.021807, -0.0218349, -0.0218155, 
6.45358e-05, 0.000101161, 0.000162694, 0.000217594, 0.000277416, 0.000338007, 0.000400841, 0.000465407, 0.00053186, 0.000600067, 0.000669951, 0.000741394, 0.000814295, 0.000888563, 0.000964122, 0.00104091, 0.00111886, 0.00119792, 0.00127799, 0.00135898, 0.00144078, 0.00152329, 0.00160641, 0.00169005, 0.00177413, 0.00185861, 0.00194341, 0.00202846, 0.0021137, 0.00219905, 0.00228441, 0.00236972, 0.00245489, 0.00253985, 0.00262453, 0.00270889, 0.00279285, 0.00287637, 0.00295937, 0.00304181, 0.00312361, 0.00320472, 0.00328508, 0.00336463, 0.00344334, 0.00352115, 0.00359802, 0.00367391, 0.00374877, 0.00382257, 0.00389526, 0.00396681, 0.00403719, 0.00410635, 0.00417428, 0.00424094, 0.00430631, 0.00437036, 0.00443308, 0.00449444, 0.00455441, 0.004613, 0.00467017, 0.00472591, 0.00478021, 0.00483307, 0.00488446, 0.00493439, 0.00498284, 0.00502981, 0.00507529, 0.00511928, 0.00516178, 0.00520278, 0.00524229, 0.00528031, 0.00531683, 0.00535186, 0.0053854, 0.00541745, 0.00544803, 0.00547712, 0.00550474, 0.00553087, 0.00555552, 0.00557868, 0.00560034, 0.0056205, 0.00563917, 0.00565637, 0.00567214, 0.00568658, 0.00569971, 0.00571192, 0.00572257, 0.00573421, 0.00573973, 0.00576083, 0.00573281, 0.00584899, 
0.000528794, 0.000772562, 0.00125724, 0.00166542, 0.00210015, 0.00252793, 0.00295912, 0.00338955, 0.00381989, 0.00424974, 0.00467948, 0.00510936, 0.00553952, 0.00596989, 0.00640027, 0.00683036, 0.00725983, 0.00768838, 0.00811582, 0.00854202, 0.00896691, 0.00939043, 0.0098125, 0.010233, 0.0106517, 0.0110686, 0.0114833, 0.0118957, 0.0123056, 0.0127129, 0.0131175, 0.0135193, 0.0139182, 0.0143139, 0.0147065, 0.0150957, 0.0154814, 0.0158635, 0.0162419, 0.0166164, 0.0169869, 0.0173533, 0.0177156, 0.0180736, 0.0184271, 0.0187762, 0.0191206, 0.0194603, 0.0197952, 0.0201252, 0.0204503, 0.0207702, 0.0210849, 0.0213945, 0.0216986, 0.0219974, 0.0222907, 0.0225785, 0.0228606, 0.023137, 0.0234077, 0.0236725, 0.0239315, 0.0241845, 0.0244315, 0.0246725, 0.0249074, 0.0251362, 0.0253588, 0.0255751, 0.0257852, 0.0259889, 0.0261863, 0.0263773, 0.0265619, 0.02674, 0.0269116, 0.0270767, 0.0272353, 0.0273873, 0.0275327, 0.0276715, 0.0278037, 0.0279292, 0.028048, 0.0281601, 0.0282655, 0.0283642, 0.0284561, 0.0285412, 0.0286196, 0.0286912, 0.0287561, 0.0288143, 0.0288656, 0.0289106, 0.028948, 0.0289816, 0.0290002, 0.0290359, 
0.000199828, 0.000302316, 0.000490926, 0.00065499, 0.000829096, 0.00100228, 0.00117766, 0.00135379, 0.00153072, 0.00170831, 0.00188672, 0.00206607, 0.00224644, 0.0024278, 0.00261002, 0.00279294, 0.00297637, 0.00316014, 0.00334414, 0.00352829, 0.00371256, 0.00389693, 0.00408135, 0.00426575, 0.00445001, 0.00463401, 0.00481762, 0.00500073, 0.00518322, 0.00536502, 0.00554606, 0.00572626, 0.00590555, 0.00608387, 0.0062611, 0.00643717, 0.00661198, 0.00678545, 0.00695748, 0.00712801, 0.00729697, 0.00746429, 0.00762991, 0.00779376, 0.00795578, 0.00811588, 0.00827402, 0.00843012, 0.00858412, 0.00873598, 0.00888562, 0.00903301, 0.0091781, 0.00932083, 0.00946115, 0.00959903, 0.00973441, 0.00986726, 0.00999752, 0.0101252, 0.0102502, 0.0103725, 0.0104921, 0.010609, 0.010723, 0.0108343, 0.0109427, 0.0110483, 0.011151, 0.0112508, 0.0113477, 0.0114416, 0.0115326, 0.0116206, 0.0117056, 0.0117876, 0.0118666, 0.0119426, 0.0120155, 0.0120853, 0.0121521, 0.0122158, 0.0122765, 0.012334, 0.0123885, 0.0124399, 0.0124883, 0.0125335, 0.0125757, 0.0126148, 0.0126507, 0.0126834, 0.0127129, 0.0127389, 0.0127618, 0.0127795, 0.0127981, 0.0127988, 0.0128383, 0.0127461, 
-0.00038976, -0.000548382, -0.000895787, -0.00117817, -0.00147859, -0.00177002, -0.00206105, -0.00234841, -0.00263281, -0.00291402, -0.00319242, -0.00346828, -0.00374179, -0.004013, -0.00428185, -0.00454822, -0.00481198, -0.00507304, -0.00533136, -0.00558693, -0.00583982, -0.00609007, -0.00633774, -0.00658283, -0.00682534, -0.00706524, -0.0073025, -0.00753709, -0.00776902, -0.00799827, -0.00822487, -0.00844883, -0.00867016, -0.00888886, -0.00910493, -0.00931837, -0.00952917, -0.00973732, -0.00994282, -0.0101457, -0.0103458, -0.0105433, -0.0107382, -0.0109303, -0.0111198, -0.0113066, -0.0114907, -0.011672, -0.0118506, -0.0120265, -0.0121996, -0.0123699, -0.0125375, -0.0127022, -0.0128641, -0.0130232, -0.0131793, -0.0133326, -0.013483, -0.0136305, -0.013775, -0.0139165, -0.014055, -0.0141905, -0.0143229, -0.0144523, -0.0145785, -0.0147017, -0.0148216, -0.0149384, -0.015052, -0.0151623, -0.0152694, -0.0153731, -0.0154736, -0.0155707, -0.0156644, -0.0157548, -0.0158417, -0.0159252, -0.0160052, -0.0160817, -0.0161546, -0.0162241, -0.0162899, -0.0163522, -0.0164108, -0.0164657, -0.016517, -0.0165646, -0.0166085, -0.0166488, -0.0166854, -0.0167186, -0.0167479, -0.016775, -0.0167956, -0.0168219, -0.0168181, -0.0168902, 
-0.00033901, -0.000479843, -0.00078424, -0.00103342, -0.00129748, -0.00155397, -0.00180978, -0.00206212, -0.00231146, -0.00255765, -0.00280107, -0.00304207, -0.00328086, -0.00351754, -0.00375204, -0.00398424, -0.00421399, -0.00444118, -0.00466578, -0.00488782, -0.00510739, -0.00532458, -0.00553947, -0.00575207, -0.00596238, -0.00617036, -0.00637596, -0.00657915, -0.00677992, -0.00697829, -0.00717429, -0.00736794, -0.00755926, -0.00774827, -0.00793497, -0.00811934, -0.00830137, -0.00848106, -0.0086584, -0.00883338, -0.00900603, -0.00917634, -0.00934431, -0.00950995, -0.00967325, -0.0098342, -0.00999278, -0.010149, -0.0103028, -0.0104543, -0.0106033, -0.01075, -0.0108942, -0.011036, -0.0111753, -0.0113122, -0.0114467, -0.0115786, -0.011708, -0.0118349, -0.0119592, -0.012081, -0.0122002, -0.0123168, -0.0124308, -0.0125421, -0.0126507, -0.0127567, -0.0128599, -0.0129604, -0.0130582, -0.0131532, -0.0132453, -0.0133347, -0.0134212, -0.0135048, -0.0135855, -0.0136633, -0.0137382, -0.0138101, -0.013879, -0.0139449, -0.0140078, -0.0140676, -0.0141244, -0.0141781, -0.0142287, -0.0142762, -0.0143206, -0.0143619, -0.0144, -0.0144348, -0.0144663, -0.0144944, -0.0145193, -0.0145396, -0.0145594, -0.014566, -0.0145977, -0.0145385, 
0.000247694, 0.000364224, 0.000591644, 0.000784051, 0.000989804, 0.00119291, 0.00139848, 0.00160455, 0.0018115, 0.00201912, 0.00222751, 0.00243671, 0.00264671, 0.00285744, 0.0030688, 0.00328064, 0.00349281, 0.00370518, 0.00391764, 0.00413008, 0.00434243, 0.0045546, 0.00476651, 0.00497809, 0.00518923, 0.00539983, 0.0056098, 0.00581904, 0.00602746, 0.00623496, 0.00644146, 0.00664687, 0.00685111, 0.00705409, 0.00725575, 0.00745599, 0.00765473, 0.0078519, 0.00804741, 0.00824119, 0.00843316, 0.00862326, 0.00881139, 0.00899751, 0.00918153, 0.00936339, 0.00954303, 0.00972039, 0.00989539, 0.010068, 0.0102381, 0.0104057, 0.0105707, 0.0107331, 0.0108928, 0.0110498, 0.011204, 0.0113553, 0.0115038, 0.0116494, 0.011792, 0.0119316, 0.0120681, 0.0122016, 0.012332, 0.0124592, 0.0125833, 0.0127041, 0.0128217, 0.0129361, 0.0130471, 0.0131549, 0.0132592, 0.0133603, 0.0134579, 0.0135522, 0.013643, 0.0137304, 0.0138143, 0.0138947, 0.0139717, 0.0140452, 0.0141151, 0.0141815, 0.0142444, 0.0143037, 0.0143594, 0.0144115, 0.01446, 0.0145049, 0.0145462, 0.014584, 0.0146182, 0.0146493, 0.0146767, 0.0147025, 0.0147208, 0.0147492, 0.0147357, 0.0148347, 
0.000460835, 0.000674732, 0.00109799, 0.00145517, 0.0018352, 0.0022093, 0.00258628, 0.00296254, 0.00333863, 0.0037142, 0.00408961, 0.00446513, 0.00484089, 0.00521686, 0.00559286, 0.00596863, 0.00634387, 0.00671832, 0.00709182, 0.00746427, 0.00783562, 0.00820584, 0.00857488, 0.00894264, 0.00930897, 0.0096737, 0.0100367, 0.0103977, 0.0107567, 0.0111135, 0.011468, 0.0118202, 0.0121699, 0.012517, 0.0128615, 0.0132031, 0.0135418, 0.0138775, 0.01421, 0.0145393, 0.0148652, 0.0151876, 0.0155065, 0.0158218, 0.0161333, 0.016441, 0.0167448, 0.0170445, 0.0173402, 0.0176316, 0.0179188, 0.0182017, 0.0184801, 0.018754, 0.0190233, 0.019288, 0.0195479, 0.0198031, 0.0200534, 0.0202987, 0.0205391, 0.0207744, 0.0210046, 0.0212297, 0.0214495, 0.0216641, 0.0218733, 0.0220771, 0.0222756, 0.0224685, 0.022656, 0.0228379, 0.0230142, 0.0231848, 0.0233498, 0.0235091, 0.0236627, 0.0238105, 0.0239524, 0.0240886, 0.0242189, 0.0243433, 0.0244617, 0.0245743, 0.0246809, 0.0247815, 0.0248762, 0.0249648, 0.0250474, 0.025124, 0.0251944, 0.0252588, 0.0253171, 0.0253692, 0.0254152, 0.0254547, 0.0254889, 0.0255136, 0.0255423, 0.0255328, 
-8.25261e-06, 1.20396e-06, 1.9562e-07, 5.84946e-06, 1.13774e-05, 1.92257e-05, 2.8363e-05, 3.90082e-05, 5.0951e-05, 6.41911e-05, 7.87095e-05, 9.45177e-05, 0.00011161, 0.000129963, 0.000149533, 0.000170258, 0.000192069, 0.000214901, 0.000238706, 0.00026345, 0.000289111, 0.000315667, 0.000343087, 0.00037133, 0.000400339, 0.000430051, 0.000460403, 0.000491333, 0.00052279, 0.000554729, 0.000587113, 0.000619902, 0.000653056, 0.00068653, 0.000720277, 0.000754245, 0.000788384, 0.000822647, 0.000856992, 0.000891378, 0.00092577, 0.000960133, 0.00099443, 0.00102863, 0.00106269, 0.00109657, 0.00113025, 0.00116368, 0.00119684, 0.0012297, 0.00126223, 0.0012944, 0.00132619, 0.00135758, 0.00138853, 0.00141903, 0.00144906, 0.00147859, 0.0015076, 0.00153608, 0.00156401, 0.00159138, 0.00161816, 0.00164435, 0.00166993, 0.0016949, 0.00171923, 0.00174292, 0.00176597, 0.00178835, 0.00181007, 0.00183112, 0.00185149, 0.00187117, 0.00189017, 0.00190847, 0.00192607, 0.00194298, 0.00195917, 0.00197466, 0.00198945, 0.00200352, 0.00201688, 0.00202954, 0.00204151, 0.00205279, 0.0020634, 0.00207333, 0.00208259, 0.00209116, 0.00209901, 0.00210607, 0.00211232, 0.00211743, 0.00212195, 0.00212369, 0.00212878, 0.00211855, 0.00214868, 0.00205277, 
-0.000421625, -0.000596964, -0.000974988, -0.00128433, -0.0016132, -0.00193302, -0.00225276, -0.00256891, -0.00288215, -0.00319224, -0.00349961, -0.00380454, -0.00410726, -0.0044078, -0.0047061, -0.00500198, -0.00529529, -0.00558588, -0.00587368, -0.00615871, -0.006441, -0.00672062, -0.0069976, -0.00727194, -0.00754362, -0.00781257, -0.00807874, -0.00834209, -0.00860258, -0.00886019, -0.00911494, -0.00936683, -0.00961586, -0.00986201, -0.0101053, -0.0103456, -0.010583, -0.0108175, -0.011049, -0.0112774, -0.0115029, -0.0117253, -0.0119447, -0.0121611, -0.0123744, -0.0125846, -0.0127917, -0.0129956, -0.0131964, -0.0133941, -0.0135885, -0.0137797, -0.0139677, -0.0141525, -0.014334, -0.0145122, -0.014687, -0.0148585, -0.0150267, -0.0151915, -0.0153528, -0.0155108, -0.0156652, -0.0158162, -0.0159637, -0.0161076, -0.016248, -0.0163848, -0.016518, -0.0166475, -0.0167734, -0.0168957, -0.0170142, -0.017129, -0.01724, -0.0173473, -0.0174508, -0.0175504, -0.0176462, -0.0177382, -0.0178263, -0.0179104, -0.0179907, -0.0180669, -0.0181393, -0.0182076, -0.0182719, -0.0183322, -0.0183885, -0.0184407, -0.0184888, -0.0185329, -0.0185729, -0.0186089, -0.0186408, -0.018669, -0.0186922, -0.0187144, -0.0187242, -0.0187542, 
-0.000155948, -0.000217917, -0.000357227, -0.000470126, -0.000589224, -0.000704262, -0.000818278, -0.000929992, -0.00103957, -0.00114697, -0.00125243, -0.00135615, -0.0014583, -0.00155892, -0.00165803, -0.00175555, -0.00185142, -0.0019456, -0.00203808, -0.0021289, -0.00221816, -0.00230592, -0.00239225, -0.00247718, -0.00256073, -0.00264288, -0.00272364, -0.00280298, -0.00288093, -0.00295751, -0.00303276, -0.00310671, -0.00317942, -0.00325088, -0.00332113, -0.00339018, -0.00345802, -0.00352467, -0.00359015, -0.00365447, -0.00371767, -0.00377975, -0.00384074, -0.00390066, -0.00395951, -0.00401731, -0.00407407, -0.0041298, -0.0041845, -0.00423819, -0.00429088, -0.00434258, -0.00439329, -0.00444303, -0.0044918, -0.00453961, -0.00458646, -0.00463235, -0.00467728, -0.00472127, -0.0047643, -0.00480639, -0.00484753, -0.00488772, -0.00492697, -0.00496527, -0.00500262, -0.00503901, -0.00507445, -0.00510893, -0.00514245, -0.005175, -0.00520658, -0.00523719, -0.00526681, -0.00529545, -0.0053231, -0.00534975, -0.0053754, -0.00540003, -0.00542365, -0.00544624, -0.00546781, -0.00548835, -0.00550787, -0.00552635, -0.00554381, -0.00556024, -0.00557564, -0.00558997, -0.00560322, -0.0056153, -0.00562621, -0.00563565, -0.0056441, -0.00564966, -0.00565763, -0.0056518, -0.00568063, -0.0055987, 
0.000357271, 0.000522003, 0.000849011, 0.00112422, 0.00141767, 0.00170645, 0.00199778, 0.00228879, 0.00258001, 0.00287117, 0.00316248, 0.0034541, 0.00374609, 0.00403839, 0.00433089, 0.00462337, 0.00491565, 0.00520753, 0.00549889, 0.00578962, 0.00607967, 0.00636898, 0.0066575, 0.00694512, 0.00723176, 0.00751727, 0.00780155, 0.00808447, 0.00836592, 0.00864582, 0.00892407, 0.00920058, 0.00947529, 0.00974809, 0.0100189, 0.0102876, 0.0105542, 0.0108184, 0.0110803, 0.0113398, 0.0115967, 0.011851, 0.0121026, 0.0123514, 0.0125974, 0.0128405, 0.0130806, 0.0133176, 0.0135514, 0.013782, 0.0140093, 0.0142333, 0.0144538, 0.0146708, 0.0148843, 0.0150942, 0.0153004, 0.0155029, 0.0157015, 0.0158964, 0.0160873, 0.0162743, 0.0164572, 0.0166362, 0.016811, 0.0169817, 0.0171482, 0.0173104, 0.0174684, 0.0176221, 0.0177714, 0.0179163, 0.0180568, 0.0181929, 0.0183244, 0.0184515, 0.0185739, 0.0186918, 0.0188051, 0.0189138, 0.0190178, 0.0191171, 0.0192117, 0.0193016, 0.0193868, 0.0194671, 0.0195427, 0.0196134, 0.0196793, 0.0197404, 0.0197966, 0.0198481, 0.0198947, 0.0199367, 0.0199738, 0.0200073, 0.0200335, 0.0200634, 0.0200644, 0.0201331, 
0.000330767, 0.000487306, 0.000792634, 0.00105177, 0.00132717, 0.00159874, 0.00187256, 0.00214607, 0.00241959, 0.00269292, 0.0029663, 0.00323996, 0.003514, 0.00378841, 0.00406305, 0.00433772, 0.00461219, 0.00488628, 0.00515984, 0.00543282, 0.00570518, 0.00597692, 0.00624799, 0.00651832, 0.0067878, 0.0070563, 0.00732369, 0.00758983, 0.00785462, 0.00811797, 0.00837982, 0.00864009, 0.00889872, 0.00915562, 0.0094107, 0.00966386, 0.009915, 0.010164, 0.0104109, 0.0106554, 0.0108977, 0.0111374, 0.0113747, 0.0116095, 0.0118415, 0.0120709, 0.0122974, 0.0125211, 0.0127419, 0.0129596, 0.0131742, 0.0133857, 0.013594, 0.013799, 0.0140007, 0.0141991, 0.0143939, 0.0145853, 0.0147731, 0.0149573, 0.0151378, 0.0153146, 0.0154877, 0.0156569, 0.0158223, 0.0159838, 0.0161413, 0.0162949, 0.0164444, 0.0165898, 0.0167312, 0.0168684, 0.0170014, 0.0171303, 0.0172549, 0.0173752, 0.0174912, 0.0176029, 0.0177102, 0.0178131, 0.0179117, 0.0180058, 0.0180954, 0.0181806, 0.0182613, 0.0183376, 0.0184093, 0.0184764, 0.0185391, 0.0185971, 0.0186506, 0.0186994, 0.0187436, 0.0187829, 0.0188176, 0.0188466, 0.0188732, 0.0188869, 0.0189194, 0.018875, 
-0.000173223, -0.00023806, -0.000389784, -0.000510341, -0.000638999, -0.000762834, -0.000886081, -0.0010072, -0.00112661, -0.00124419, -0.00136011, -0.00147446, -0.00158731, -0.00169869, -0.00180859, -0.00191696, -0.00202379, -0.00212905, -0.00223274, -0.00233485, -0.00243542, -0.00253447, -0.00263202, -0.00272808, -0.00282267, -0.00291579, -0.00300747, -0.0030977, -0.0031865, -0.00327388, -0.00335987, -0.00344447, -0.00352769, -0.00360957, -0.00369011, -0.00376932, -0.00384723, -0.00392384, -0.00399918, -0.00407324, -0.00414604, -0.0042176, -0.00428792, -0.00435702, -0.0044249, -0.00449158, -0.00455707, -0.00462137, -0.00468449, -0.00474645, -0.00480724, -0.00486688, -0.00492536, -0.0049827, -0.00503889, -0.00509395, -0.00514788, -0.00520068, -0.00525235, -0.00530289, -0.00535231, -0.00540061, -0.00544779, -0.00549384, -0.00553877, -0.00558257, -0.00562525, -0.0056668, -0.00570723, -0.00574652, -0.00578468, -0.0058217, -0.00585758, -0.00589231, -0.0059259, -0.00595834, -0.00598962, -0.00601974, -0.0060487, -0.0060765, -0.00610312, -0.00612857, -0.00615284, -0.00617591, -0.00619778, -0.00621843, -0.00623786, -0.00625605, -0.00627299, -0.0062887, -0.0063032, -0.00631655, -0.00632876, -0.0063401, -0.00635011, -0.00636059, -0.00636653, -0.00638314, -0.00636517, -0.00644735, 
-0.00037276, -0.000528837, -0.000863933, -0.00113884, -0.00143088, -0.0017151, -0.00199925, -0.00228024, -0.00255864, -0.00283422, -0.00310739, -0.00337842, -0.00364751, -0.00391472, -0.00417997, -0.0044431, -0.00470396, -0.0049624, -0.00521836, -0.00547185, -0.00572291, -0.00597161, -0.00621799, -0.00646203, -0.00670372, -0.00694299, -0.00717977, -0.00741403, -0.00764572, -0.00787484, -0.00810138, -0.00832536, -0.00854677, -0.0087656, -0.00898184, -0.00919545, -0.00940642, -0.00961471, -0.0098203, -0.0100232, -0.0102234, -0.0104208, -0.0106155, -0.0108074, -0.0109966, -0.0111829, -0.0113665, -0.0115472, -0.0117251, -0.0119001, -0.0120722, -0.0122415, -0.0124078, -0.0125711, -0.0127316, -0.012889, -0.0130435, -0.0131949, -0.0133434, -0.0134887, -0.0136311, -0.0137703, -0.0139064, -0.0140394, -0.0141693, -0.014296, -0.0144195, -0.0145399, -0.014657, -0.0147709, -0.0148815, -0.0149888, -0.0150929, -0.0151937, -0.0152911, -0.0153852, -0.0154759, -0.0155633, -0.0156472, -0.0157278, -0.0158049, -0.0158786, -0.0159488, -0.0160155, -0.0160788, -0.0161386, -0.0161948, -0.0162476, -0.0162968, -0.0163424, -0.0163845, -0.016423, -0.0164579, -0.0164891, -0.0165167, -0.0165404, -0.0165612, -0.0165758, -0.0165945, -0.0165848, 
2.12951e-05, 3.64309e-05, 5.74884e-05, 7.7414e-05, 9.9506e-05, 0.000122404, 0.000146683, 0.000172191, 0.000199018, 0.0002271, 0.000256368, 0.000286733, 0.000318123, 0.000350483, 0.000383782, 0.000417998, 0.000453118, 0.000489117, 0.000525958, 0.000563586, 0.000601935, 0.000640938, 0.000680538, 0.000720689, 0.000761355, 0.00080251, 0.000844126, 0.000886174, 0.000928617, 0.000971408, 0.0010145, 0.00105785, 0.0011014, 0.00114512, 0.00118897, 0.00123293, 0.00127695, 0.001321, 0.00136506, 0.00140907, 0.00145301, 0.00149684, 0.00154051, 0.00158399, 0.00162726, 0.00167028, 0.00171302, 0.00175546, 0.00179756, 0.00183929, 0.00188063, 0.00192154, 0.001962, 0.00200198, 0.00204146, 0.00208042, 0.00211882, 0.00215665, 0.00219389, 0.00223051, 0.00226649, 0.00230182, 0.00233647, 0.00237043, 0.00240368, 0.0024362, 0.00246798, 0.00249899, 0.00252924, 0.00255869, 0.00258735, 0.00261519, 0.00264221, 0.00266839, 0.00269372, 0.0027182, 0.00274181, 0.00276454, 0.0027864, 0.00280737, 0.00282744, 0.00284661, 0.00286487, 0.00288221, 0.00289861, 0.00291407, 0.00292857, 0.00294211, 0.00295468, 0.0029663, 0.00297698, 0.0029868, 0.00299577, 0.00300417, 0.00301152, 0.00301973, 0.00302348, 0.00303895, 0.00301786, 0.00310461, 
0.000387458, 0.000565768, 0.000920525, 0.001219, 0.00153682, 0.00184941, 0.00216441, 0.00247874, 0.00279293, 0.0031067, 0.00342034, 0.00373402, 0.00404787, 0.00436185, 0.00467583, 0.00498958, 0.00530289, 0.00561557, 0.00592747, 0.00623851, 0.00654865, 0.00685785, 0.00716608, 0.00747325, 0.00777924, 0.00808393, 0.0083872, 0.00868891, 0.00898896, 0.00928725, 0.00958372, 0.00987827, 0.0101708, 0.0104613, 0.0107497, 0.0110357, 0.0113194, 0.0116007, 0.0118794, 0.0121555, 0.0124288, 0.0126994, 0.0129672, 0.0132319, 0.0134937, 0.0137523, 0.0140078, 0.01426, 0.0145089, 0.0147543, 0.0149963, 0.0152347, 0.0154695, 0.0157007, 0.015928, 0.0161516, 0.0163713, 0.016587, 0.0167988, 0.0170065, 0.0172101, 0.0174094, 0.0176046, 0.0177955, 0.0179821, 0.0181642, 0.018342, 0.0185153, 0.018684, 0.0188482, 0.0190077, 0.0191627, 0.0193129, 0.0194584, 0.0195991, 0.019735, 0.0198661, 0.0199923, 0.0201136, 0.02023, 0.0203414, 0.0204478, 0.0205492, 0.0206456, 0.0207369, 0.0208231, 0.0209042, 0.0209802, 0.021051, 0.0211166, 0.0211771, 0.0212324, 0.0212825, 0.0213275, 0.0213672, 0.0214023, 0.0214311, 0.0214579, 0.0214709, 0.0215039, 
0.000172018, 0.000258276, 0.0004194, 0.000558455, 0.000705946, 0.000852176, 0.000999959, 0.00114803, 0.00129649, 0.00144522, 0.00159437, 0.00174405, 0.00189435, 0.00204524, 0.00219665, 0.00234844, 0.00250049, 0.00265266, 0.00280488, 0.0029571, 0.00310931, 0.0032615, 0.00341366, 0.00356572, 0.00371762, 0.00386927, 0.00402058, 0.00417146, 0.00432183, 0.00447166, 0.00462088, 0.00476946, 0.00491734, 0.00506446, 0.00521078, 0.00535621, 0.0055007, 0.00564417, 0.00578657, 0.00592784, 0.00606794, 0.00620681, 0.0063444, 0.00648067, 0.00661556, 0.00674902, 0.00688099, 0.00701142, 0.00714027, 0.00726748, 0.00739302, 0.00751684, 0.00763889, 0.00775914, 0.00787753, 0.00799404, 0.00810861, 0.0082212, 0.00833179, 0.00844033, 0.00854678, 0.00865111, 0.00875329, 0.00885328, 0.00895105, 0.00904657, 0.00913981, 0.00923074, 0.00931933, 0.00940555, 0.00948939, 0.0095708, 0.00964977, 0.00972628, 0.00980029, 0.0098718, 0.00994078, 0.0100072, 0.0100711, 0.0101323, 0.010191, 0.010247, 0.0103004, 0.0103512, 0.0103993, 0.0104447, 0.0104875, 0.0105276, 0.010565, 0.0105997, 0.0106316, 0.0106608, 0.0106871, 0.0107104, 0.010731, 0.0107474, 0.0107639, 0.010767, 0.0107974, 0.0107326, 
-0.000275005, -0.000386443, -0.000631653, -0.000830923, -0.00104315, -0.00124913, -0.00145497, -0.00165835, -0.00185976, -0.00205903, -0.00225643, -0.00245211, -0.00264621, -0.00283875, -0.00302967, -0.00321889, -0.0034063, -0.00359182, -0.00377542, -0.00395708, -0.00413683, -0.00431471, -0.00449071, -0.00466486, -0.00483712, -0.00500748, -0.0051759, -0.00534236, -0.00550685, -0.00566935, -0.00582988, -0.00598842, -0.00614499, -0.00629958, -0.00645217, -0.00660278, -0.00675137, -0.00689795, -0.00704251, -0.00718503, -0.00732552, -0.00746397, -0.00760038, -0.00773474, -0.00786704, -0.00799728, -0.00812544, -0.00825153, -0.00837553, -0.00849744, -0.00861725, -0.00873495, -0.00885054, -0.008964, -0.00907534, -0.00918453, -0.00929158, -0.00939647, -0.0094992, -0.00959975, -0.00969812, -0.0097943, -0.00988829, -0.00998006, -0.0100696, -0.0101569, -0.010242, -0.0103249, -0.0104055, -0.0104838, -0.0105598, -0.0106336, -0.0107051, -0.0107742, -0.0108411, -0.0109056, -0.0109678, -0.0110277, -0.0110852, -0.0111404, -0.0111932, -0.0112436, -0.0112917, -0.0113373, -0.0113806, -0.0114214, -0.0114598, -0.0114958, -0.0115293, -0.0115603, -0.011589, -0.0116152, -0.011639, -0.0116606, -0.0116797, -0.0116974, -0.0117105, -0.0117289, -0.0117233, -0.01178, 
-0.000267582, -0.000379069, -0.000619761, -0.000817129, -0.00102654, -0.00123024, -0.00143365, -0.00163459, -0.00183341, -0.00202997, -0.00222457, -0.00241744, -0.00260876, -0.00279856, -0.00298679, -0.00317335, -0.0033581, -0.00354094, -0.00372183, -0.00390078, -0.00407784, -0.00425307, -0.00442651, -0.00459816, -0.00476801, -0.00493601, -0.00510211, -0.00526627, -0.00542848, -0.00558874, -0.00574705, -0.00590342, -0.00605787, -0.00621039, -0.00636096, -0.00650958, -0.00665623, -0.00680089, -0.00694354, -0.0070842, -0.00722285, -0.00735949, -0.00749412, -0.00762674, -0.00775734, -0.00788591, -0.00801243, -0.0081369, -0.00825932, -0.00837966, -0.00849794, -0.00861413, -0.00872825, -0.00884026, -0.00895018, -0.00905799, -0.00916367, -0.00926723, -0.00936865, -0.00946793, -0.00956505, -0.00966001, -0.00975279, -0.0098434, -0.00993181, -0.010018, -0.010102, -0.0101838, -0.0102634, -0.0103407, -0.0104158, -0.0104886, -0.0105592, -0.0106275, -0.0106935, -0.0107572, -0.0108186, -0.0108777, -0.0109345, -0.010989, -0.0110411, -0.0110909, -0.0111383, -0.0111834, -0.0112261, -0.0112664, -0.0113044, -0.01134, -0.0113732, -0.011404, -0.0114324, -0.0114584, -0.0114818, -0.0115026, -0.0115211, -0.0115361, -0.0115506, -0.0115558, -0.0115781, -0.0115374, 
0.000163698, 0.000241237, 0.000391474, 0.000518662, 0.000654669, 0.000788928, 0.000924848, 0.00106113, 0.00119806, 0.00133547, 0.00147345, 0.00161202, 0.00175116, 0.00189084, 0.00203099, 0.00217152, 0.00231235, 0.00245339, 0.00259457, 0.00273584, 0.00287712, 0.00301839, 0.00315958, 0.00330063, 0.0034415, 0.00358212, 0.00372244, 0.00386238, 0.0040019, 0.00414094, 0.00427943, 0.00441733, 0.00455458, 0.00469112, 0.00482691, 0.00496189, 0.00509601, 0.00522921, 0.00536145, 0.00549267, 0.00562282, 0.00575185, 0.0058797, 0.00600634, 0.00613171, 0.00625577, 0.00637847, 0.00649977, 0.00661961, 0.00673796, 0.00685477, 0.00697, 0.00708361, 0.00719555, 0.00730579, 0.00741429, 0.00752101, 0.00762591, 0.00772895, 0.00783011, 0.00792934, 0.00802662, 0.0081219, 0.00821516, 0.00830637, 0.00839549, 0.0084825, 0.00856737, 0.00865007, 0.00873057, 0.00880886, 0.00888489, 0.00895866, 0.00903014, 0.0090993, 0.00916613, 0.0092306, 0.0092927, 0.00935241, 0.00940971, 0.00946458, 0.00951702, 0.00956699, 0.00961449, 0.00965949, 0.00970199, 0.00974195, 0.00977936, 0.00981421, 0.00984652, 0.00987628, 0.00990355, 0.00992834, 0.00995089, 0.00997078, 0.0099896, 0.0100029, 0.0100242, 0.0100134, 0.0100897, 
0.0003481, 0.000509404, 0.000828792, 0.00109807, 0.00138452, 0.00166637, 0.00195031, 0.00223362, 0.00251672, 0.00279937, 0.00308185, 0.00336435, 0.00364699, 0.00392974, 0.00421249, 0.00449504, 0.00477718, 0.00505873, 0.00533957, 0.00561962, 0.00589888, 0.00617731, 0.00645488, 0.00673153, 0.00700715, 0.00728164, 0.00755485, 0.00782669, 0.00809705, 0.00836586, 0.00863305, 0.00889855, 0.00916229, 0.00942421, 0.00968421, 0.00994221, 0.0101981, 0.0104519, 0.0107033, 0.0109525, 0.0111992, 0.0114435, 0.0116852, 0.0119243, 0.0121607, 0.0123944, 0.0126252, 0.0128532, 0.0130781, 0.0133, 0.0135189, 0.0137345, 0.0139469, 0.0141561, 0.0143618, 0.0145642, 0.0147631, 0.0149585, 0.0151503, 0.0153384, 0.0155229, 0.0157036, 0.0158806, 0.0160536, 0.0162228, 0.0163881, 0.0165494, 0.0167066, 0.0168598, 0.0170088, 0.0171537, 0.0172944, 0.0174308, 0.017563, 0.0176909, 0.0178145, 0.0179336, 0.0180484, 0.0181587, 0.0182646, 0.0183659, 0.0184628, 0.0185551, 0.0186428, 0.0187259, 0.0188045, 0.0188784, 0.0189476, 0.0190122, 0.0190721, 0.0191273, 0.0191777, 0.0192234, 0.0192644, 0.0193006, 0.0193318, 0.0193587, 0.019379, 0.0194001, 0.0193988, 
1.63076e-05, 3.32846e-05, 5.2693e-05, 7.35376e-05, 9.5227e-05, 0.000118146, 0.000141981, 0.000166724, 0.000192257, 0.000218573, 0.000245685, 0.000273623, 0.000302401, 0.00033201, 0.000362418, 0.000393578, 0.000425435, 0.000457941, 0.000491061, 0.000524778, 0.000559082, 0.000593967, 0.000629417, 0.000665407, 0.000701899, 0.000738848, 0.000776207, 0.000813933, 0.000851991, 0.000890351, 0.000928987, 0.000967876, 0.00100699, 0.0010463, 0.00108576, 0.00112535, 0.00116503, 0.00120475, 0.0012445, 0.00128423, 0.00132392, 0.00136355, 0.00140308, 0.00144249, 0.00148175, 0.00152083, 0.0015597, 0.00159833, 0.00163669, 0.00167476, 0.00171252, 0.00174993, 0.00178698, 0.00182364, 0.00185989, 0.0018957, 0.00193106, 0.00196593, 0.0020003, 0.00203415, 0.00206746, 0.0021002, 0.00213236, 0.00216393, 0.00219488, 0.00222519, 0.00225486, 0.00228385, 0.00231217, 0.00233979, 0.00236669, 0.00239287, 0.00241832, 0.00244301, 0.00246694, 0.0024901, 0.00251246, 0.00253404, 0.0025548, 0.00257474, 0.00259386, 0.00261214, 0.00262959, 0.00264618, 0.00266194, 0.00267685, 0.00269091, 0.00270413, 0.0027165, 0.00272799, 0.0027386, 0.00274824, 0.00275691, 0.00276436, 0.002771, 0.00277521, 0.00278151, 0.00277606, 0.0028002, 0.00273032, 
-0.000308283, -0.000436112, -0.000712619, -0.000938873, -0.00117961, -0.00141382, -0.0016481, -0.00187988, -0.00210965, -0.00233723, -0.00256291, -0.0027869, -0.00300935, -0.00323028, -0.00344963, -0.00366728, -0.00388309, -0.00409695, -0.00430882, -0.00451868, -0.00472656, -0.00493249, -0.00513648, -0.00533855, -0.00553864, -0.00573672, -0.00593274, -0.00612665, -0.00631844, -0.00650807, -0.00669555, -0.00688088, -0.00706404, -0.00724504, -0.00742384, -0.00760043, -0.00777478, -0.00794688, -0.0081167, -0.00828424, -0.00844947, -0.0086124, -0.008773, -0.00893126, -0.00908718, -0.00924072, -0.00939189, -0.00954066, -0.00968701, -0.00983094, -0.00997243, -0.0101115, -0.010248, -0.0103821, -0.0105137, -0.0106428, -0.0107694, -0.0108934, -0.0110149, -0.0111339, -0.0112502, -0.011364, -0.0114752, -0.0115838, -0.0116897, -0.011793, -0.0118937, -0.0119917, -0.012087, -0.0121796, -0.0122695, -0.0123568, -0.0124413, -0.012523, -0.012602, -0.0126783, -0.0127518, -0.0128225, -0.0128905, -0.0129556, -0.013018, -0.0130775, -0.0131342, -0.013188, -0.0132391, -0.0132872, -0.0133325, -0.0133749, -0.0134144, -0.013451, -0.0134848, -0.0135156, -0.0135435, -0.0135687, -0.0135909, -0.0136106, -0.0136266, -0.0136426, -0.0136476, -0.0136735, 
-0.000134715, -0.000188846, -0.000309609, -0.000407889, -0.000511836, -0.000612542, -0.000712663, -0.000811081, -0.000907944, -0.0010032, -0.00109703, -0.00118959, -0.00128101, -0.00137131, -0.00146048, -0.00154847, -0.00163519, -0.00172061, -0.00180471, -0.00188751, -0.00196907, -0.00204943, -0.00212864, -0.0022067, -0.00228363, -0.0023594, -0.00243399, -0.00250738, -0.00257959, -0.00265062, -0.00272048, -0.00278921, -0.00285682, -0.00292332, -0.00298872, -0.00305301, -0.00311619, -0.00317827, -0.00323926, -0.00329915, -0.00335797, -0.00341572, -0.00347242, -0.00352807, -0.00358268, -0.00363626, -0.00368881, -0.00374033, -0.00379083, -0.00384032, -0.0038888, -0.00393629, -0.00398278, -0.00402829, -0.00407281, -0.00411636, -0.00415893, -0.00420054, -0.00424118, -0.00428086, -0.00431958, -0.00435735, -0.00439417, -0.00443005, -0.00446498, -0.00449898, -0.00453203, -0.00456415, -0.00459534, -0.0046256, -0.00465492, -0.00468332, -0.00471079, -0.00473733, -0.00476295, -0.00478764, -0.00481141, -0.00483426, -0.00485617, -0.00487717, -0.00489724, -0.00491638, -0.0049346, -0.00495189, -0.00496827, -0.00498374, -0.00499829, -0.00501194, -0.00502467, -0.00503647, -0.00504733, -0.0050572, -0.00506606, -0.0050737, -0.00508048, -0.00508503, -0.00509116, -0.00508717, -0.00510812, -0.00504872, 
0.000253204, 0.00037028, 0.000601967, 0.000796974, 0.00100488, 0.00120947, 0.00141584, 0.001622, 0.00182832, 0.00203461, 0.00224102, 0.00244767, 0.00265459, 0.00286176, 0.00306909, 0.00327644, 0.00348368, 0.00369069, 0.00389736, 0.00410365, 0.00430951, 0.00451491, 0.00471979, 0.00492411, 0.00512779, 0.00533075, 0.0055329, 0.00573417, 0.00593448, 0.00613377, 0.00633198, 0.00652905, 0.00672492, 0.00691953, 0.00711282, 0.00730473, 0.00749518, 0.00768411, 0.00787147, 0.00805718, 0.00824119, 0.00842344, 0.00860388, 0.00878245, 0.00895908, 0.00913373, 0.00930634, 0.00947685, 0.00964521, 0.00981136, 0.00997526, 0.0101368, 0.0102961, 0.0104529, 0.0106072, 0.0107591, 0.0109084, 0.0110551, 0.0111992, 0.0113405, 0.0114792, 0.0116151, 0.0117481, 0.0118783, 0.0120056, 0.01213, 0.0122514, 0.0123698, 0.0124852, 0.0125975, 0.0127067, 0.0128127, 0.0129156, 0.0130153, 0.0131118, 0.013205, 0.0132949, 0.0133815, 0.0134648, 0.0135447, 0.0136213, 0.0136944, 0.0137641, 0.0138304, 0.0138933, 0.0139526, 0.0140085, 0.0140608, 0.0141095, 0.0141548, 0.0141965, 0.0142347, 0.0142693, 0.0143007, 0.0143284, 0.0143535, 0.0143731, 0.014396, 0.014396, 0.0144512, 
0.000258908, 0.000381105, 0.00061975, 0.000822009, 0.00103693, 0.00124872, 0.00146217, 0.00167528, 0.00188833, 0.00210114, 0.00231393, 0.00252685, 0.00274001, 0.0029534, 0.00316691, 0.0033804, 0.0035937, 0.00380667, 0.00401921, 0.00423127, 0.00444284, 0.00465391, 0.00486446, 0.00507444, 0.00528376, 0.00549233, 0.00570005, 0.00590684, 0.0061126, 0.00631728, 0.00652084, 0.00672321, 0.00692435, 0.00712419, 0.00732268, 0.00751973, 0.00771528, 0.00790925, 0.00810158, 0.00829222, 0.00848109, 0.00866816, 0.00885336, 0.00903663, 0.00921792, 0.00939717, 0.00957432, 0.00974931, 0.00992209, 0.0100926, 0.0102608, 0.0104266, 0.01059, 0.0107509, 0.0109093, 0.0110651, 0.0112184, 0.0113689, 0.0115167, 0.0116618, 0.0118041, 0.0119435, 0.0120801, 0.0122137, 0.0123444, 0.012472, 0.0125966, 0.0127181, 0.0128365, 0.0129518, 0.0130639, 0.0131727, 0.0132783, 0.0133807, 0.0134797, 0.0135754, 0.0136677, 0.0137566, 0.0138421, 0.0139242, 0.0140028, 0.0140779, 0.0141495, 0.0142176, 0.0142821, 0.0143431, 0.0144005, 0.0144543, 0.0145045, 0.0145511, 0.0145941, 0.0146334, 0.014669, 0.0147007, 0.0147288, 0.0147525, 0.014774, 0.0147862, 0.0148107, 0.0147822, 
-0.000110648, -0.000150578, -0.000247012, -0.000323033, -0.000404338, -0.00048244, -0.000560136, -0.000636422, -0.000711571, -0.000785509, -0.000858334, -0.000930098, -0.00100084, -0.00107058, -0.0011393, -0.00120697, -0.00127359, -0.00133914, -0.0014036, -0.00146699, -0.00152932, -0.00159058, -0.0016508, -0.00170998, -0.00176813, -0.00182526, -0.00188137, -0.00193646, -0.00199056, -0.00204366, -0.00209578, -0.00214692, -0.00219709, -0.00224631, -0.00229458, -0.00234191, -0.00238833, -0.00243383, -0.00247843, -0.00252213, -0.00256495, -0.0026069, -0.00264798, -0.0026882, -0.00272757, -0.00276611, -0.00280381, -0.0028407, -0.00287678, -0.00291206, -0.00294655, -0.00298024, -0.00301316, -0.00304531, -0.0030767, -0.00310733, -0.00313722, -0.00316636, -0.00319478, -0.00322246, -0.00324942, -0.00327567, -0.00330121, -0.00332605, -0.00335018, -0.00337362, -0.00339638, -0.00341845, -0.00343984, -0.00346056, -0.0034806, -0.00349998, -0.00351869, -0.00353675, -0.00355414, -0.00357088, -0.00358697, -0.00360241, -0.0036172, -0.00363136, -0.00364487, -0.00365774, -0.00366996, -0.00368155, -0.00369249, -0.00370278, -0.00371241, -0.00372138, -0.00372969, -0.00373735, -0.00374438, -0.00375083, -0.00375671, -0.00376223, -0.00376704, -0.00377251, -0.00377482, -0.00378559, -0.00377023, -0.00383177, 
-0.000280562, -0.000397717, -0.00065002, -0.000856995, -0.00107704, -0.00129128, -0.00150558, -0.00171762, -0.0019278, -0.00213597, -0.0023424, -0.00254731, -0.00275083, -0.00295301, -0.00315376, -0.00335299, -0.00355054, -0.00374633, -0.00394029, -0.00413241, -0.00432274, -0.00451131, -0.00469814, -0.00488321, -0.00506651, -0.00524798, -0.00542758, -0.00560525, -0.00578097, -0.00595472, -0.00612651, -0.00629632, -0.00646416, -0.00663002, -0.00679387, -0.00695569, -0.00711546, -0.00727315, -0.00742875, -0.00758225, -0.00773363, -0.00788288, -0.00803, -0.00817496, -0.00831777, -0.00845839, -0.00859681, -0.00873303, -0.00886702, -0.00899878, -0.00912828, -0.00925553, -0.0093805, -0.00950319, -0.00962358, -0.00974166, -0.00985742, -0.00997084, -0.0100819, -0.0101906, -0.010297, -0.0104009, -0.0105025, -0.0106017, -0.0106984, -0.0107928, -0.0108847, -0.0109741, -0.0110611, -0.0111456, -0.0112277, -0.0113072, -0.0113843, -0.0114588, -0.0115309, -0.0116004, -0.0116673, -0.0117318, -0.0117936, -0.0118529, -0.0119097, -0.0119638, -0.0120154, -0.0120644, -0.0121108, -0.0121546, -0.0121957, -0.0122343, -0.0122702, -0.0123034, -0.012334, -0.012362, -0.0123873, -0.0124099, -0.0124298, -0.0124469, -0.0124617, -0.0124724, -0.0124846, -0.0124806, 
-2.0721e-06, 1.58992e-06, 9.17546e-07, 2.167e-06, 4.06535e-06, 6.81275e-06, 1.04662e-05, 1.50648e-05, 2.06555e-05, 2.72059e-05, 3.46538e-05, 4.29258e-05, 5.19654e-05, 6.17369e-05, 7.22251e-05, 8.34291e-05, 9.5352e-05, 0.000107989, 0.000121322, 0.000135317, 0.000149928, 0.000165111, 0.000180828, 0.00019705, 0.000213758, 0.000230942, 0.000248591, 0.000266689, 0.000285217, 0.000304147, 0.000323448, 0.00034309, 0.000363043, 0.000383283, 0.000403789, 0.000424543, 0.000445524, 0.000466714, 0.000488091, 0.00050963, 0.000531306, 0.000553094, 0.000574969, 0.000596909, 0.000618894, 0.000640902, 0.000662914, 0.000684911, 0.000706871, 0.000728774, 0.0007506, 0.000772326, 0.000793935, 0.000815406, 0.00083672, 0.000857861, 0.000878811, 0.000899552, 0.000920068, 0.000940341, 0.000960356, 0.000980096, 0.000999545, 0.00101869, 0.00103751, 0.001056, 0.00107414, 0.00109192, 0.00110932, 0.00112634, 0.00114296, 0.00115917, 0.00117495, 0.0011903, 0.00120521, 0.00121967, 0.00123366, 0.00124718, 0.00126023, 0.00127279, 0.00128486, 0.00129643, 0.00130748, 0.00131802, 0.00132803, 0.0013375, 0.00134642, 0.00135478, 0.00136258, 0.00136983, 0.00137655, 0.00138278, 0.00138852, 0.001394, 0.00139886, 0.00140449, 0.00140697, 0.00141834, 0.00140258, 0.00146746, 
0.000284289, 0.000415385, 0.000675617, 0.00089457, 0.0011277, 0.00135695, 0.00158796, 0.00181847, 0.00204888, 0.00227899, 0.00250899, 0.00273904, 0.00296921, 0.00319949, 0.00342976, 0.0036599, 0.00388973, 0.00411912, 0.00434796, 0.00457621, 0.00480383, 0.0050308, 0.00525708, 0.00548263, 0.00570736, 0.00593119, 0.00615401, 0.00637575, 0.00659632, 0.00681566, 0.00703372, 0.00725043, 0.00746575, 0.00767961, 0.00789194, 0.00810268, 0.00831175, 0.00851909, 0.00872463, 0.00892831, 0.00913006, 0.00932984, 0.00952758, 0.00972323, 0.00991672, 0.010108, 0.010297, 0.0104837, 0.010668, 0.0108498, 0.0110291, 0.0112059, 0.0113801, 0.0115517, 0.0117205, 0.0118866, 0.0120498, 0.0122102, 0.0123678, 0.0125223, 0.0126739, 0.0128224, 0.0129679, 0.0131102, 0.0132494, 0.0133853, 0.0135181, 0.0136475, 0.0137736, 0.0138963, 0.0140157, 0.0141316, 0.0142441, 0.0143531, 0.0144585, 0.0145604, 0.0146588, 0.0147535, 0.0148445, 0.014932, 0.0150157, 0.0150957, 0.015172, 0.0152445, 0.0153133, 0.0153783, 0.0154394, 0.0154968, 0.0155502, 0.0155998, 0.0156456, 0.0156875, 0.0157255, 0.0157597, 0.01579, 0.0158168, 0.0158389, 0.01586, 0.0158691, 0.0158982, 
0.000144249, 0.000215855, 0.000350429, 0.000466116, 0.000588797, 0.000710224, 0.000832818, 0.000955518, 0.00107842, 0.00120143, 0.00132468, 0.00144827, 0.00157225, 0.00169663, 0.00182134, 0.00194629, 0.00207136, 0.00219647, 0.00232154, 0.00244657, 0.00257152, 0.00269641, 0.00282122, 0.00294592, 0.00307044, 0.00319473, 0.00331871, 0.00344232, 0.00356551, 0.00368824, 0.00381047, 0.00393216, 0.00405329, 0.00417382, 0.00429368, 0.00441284, 0.00453124, 0.00464883, 0.00476558, 0.00488142, 0.00499634, 0.00511028, 0.00522321, 0.00533509, 0.00544588, 0.00555554, 0.00566402, 0.00577129, 0.0058773, 0.00598201, 0.0060854, 0.00618741, 0.00628803, 0.00638721, 0.00648492, 0.00658112, 0.00667578, 0.00676886, 0.00686033, 0.00695016, 0.00703832, 0.00712478, 0.00720951, 0.00729247, 0.00737365, 0.007453, 0.00753052, 0.00760616, 0.0076799, 0.00775172, 0.0078216, 0.00788951, 0.00795542, 0.00801932, 0.00808119, 0.008141, 0.00819874, 0.00825438, 0.00830791, 0.00835931, 0.00840856, 0.00845565, 0.00850056, 0.00854329, 0.00858382, 0.00862215, 0.00865827, 0.00869216, 0.00872383, 0.00875324, 0.00878038, 0.0088052, 0.00882768, 0.00884764, 0.00886538, 0.00887974, 0.00889392, 0.00889814, 0.00892168, 0.00887653, 
-0.000192686, -0.000269914, -0.00044155, -0.000580748, -0.00072914, -0.000873132, -0.00101706, -0.00115927, -0.00130013, -0.0014395, -0.00157757, -0.00171444, -0.00185021, -0.00198488, -0.0021184, -0.00225073, -0.00238178, -0.0025115, -0.00263985, -0.00276683, -0.00289245, -0.00301673, -0.00313966, -0.00326126, -0.00338151, -0.00350039, -0.00361787, -0.00373394, -0.00384858, -0.00396179, -0.00407357, -0.00418391, -0.00429282, -0.00440029, -0.00450631, -0.00461089, -0.004714, -0.00481565, -0.00491582, -0.00501452, -0.00511174, -0.00520748, -0.00530172, -0.00539448, -0.00548574, -0.00557551, -0.00566377, -0.00575053, -0.00583577, -0.0059195, -0.00600171, -0.00608241, -0.00616157, -0.00623921, -0.00631531, -0.00638988, -0.00646292, -0.00653441, -0.00660435, -0.00667275, -0.00673959, -0.00680488, -0.00686861, -0.00693078, -0.00699138, -0.00705041, -0.00710787, -0.00716376, -0.00721807, -0.00727079, -0.00732193, -0.00737148, -0.00741944, -0.00746581, -0.00751057, -0.00755374, -0.0075953, -0.00763525, -0.0076736, -0.00771033, -0.00774545, -0.00777894, -0.00781082, -0.00784106, -0.00786967, -0.00789664, -0.00792195, -0.00794561, -0.00796761, -0.00798796, -0.00800665, -0.00802373, -0.0080392, -0.00805321, -0.0080655, -0.00807702, -0.00808517, -0.00809777, -0.00809167, -0.00813542, 
-0.000208235, -0.00029475, -0.000482137, -0.000635799, -0.00079899, -0.00095781, -0.00111653, -0.00127341, -0.00142875, -0.00158242, -0.00173466, -0.00188563, -0.00203546, -0.00218419, -0.00233175, -0.00247807, -0.00262304, -0.00276658, -0.00290864, -0.00304923, -0.00318839, -0.00332615, -0.00346253, -0.00359755, -0.00373117, -0.00386335, -0.00399406, -0.00412327, -0.00425095, -0.00437711, -0.00450173, -0.00462483, -0.00474641, -0.00486646, -0.00498497, -0.00510192, -0.00521731, -0.00533111, -0.00544331, -0.00555391, -0.0056629, -0.00577029, -0.00587606, -0.00598021, -0.00608273, -0.00618362, -0.00628286, -0.00638045, -0.00647638, -0.00657065, -0.00666324, -0.00675415, -0.00684339, -0.00693093, -0.00701678, -0.00710094, -0.00718338, -0.00726412, -0.00734313, -0.00742042, -0.00749598, -0.0075698, -0.00764189, -0.00771223, -0.00778082, -0.00784765, -0.00791272, -0.00797603, -0.00803756, -0.00809732, -0.00815529, -0.00821148, -0.00826588, -0.00831848, -0.00836927, -0.00841826, -0.00846545, -0.00851081, -0.00855435, -0.00859607, -0.00863596, -0.00867401, -0.00871023, -0.00874461, -0.00877714, -0.00880783, -0.00883667, -0.00886366, -0.0088888, -0.00891207, -0.00893345, -0.00895293, -0.0089705, -0.00898604, -0.00899973, -0.00901088, -0.00902144, -0.00902537, -0.00904087, -0.0090128, 
0.000107574, 0.000159346, 0.000258184, 0.000342101, 0.00043183, 0.000520473, 0.000610273, 0.000700388, 0.000791008, 0.000882034, 0.00097351, 0.00106544, 0.00115782, 0.00125062, 0.00134379, 0.00143729, 0.00153106, 0.00162505, 0.00171921, 0.00181349, 0.00190787, 0.0020023, 0.00209676, 0.0021912, 0.00228559, 0.00237988, 0.00247405, 0.00256804, 0.00266183, 0.00275538, 0.00284864, 0.00294157, 0.00303415, 0.00312633, 0.00321807, 0.00330935, 0.00340013, 0.00349037, 0.00358003, 0.00366909, 0.00375749, 0.00384521, 0.00393222, 0.00401847, 0.00410394, 0.00418858, 0.00427238, 0.00435529, 0.00443728, 0.00451832, 0.00459839, 0.00467744, 0.00475544, 0.00483238, 0.00490821, 0.0049829, 0.00505644, 0.00512879, 0.00519992, 0.00526981, 0.00533843, 0.00540576, 0.00547176, 0.00553642, 0.00559971, 0.00566161, 0.00572209, 0.00578113, 0.00583871, 0.00589482, 0.00594942, 0.0060025, 0.00605404, 0.00610402, 0.00615242, 0.00619923, 0.00624443, 0.00628801, 0.00632995, 0.00637023, 0.00640885, 0.00644579, 0.00648104, 0.00651458, 0.00654639, 0.00657647, 0.00660479, 0.00663135, 0.00665614, 0.00667916, 0.00670042, 0.00671996, 0.00673778, 0.00675407, 0.0067685, 0.0067823, 0.00679208, 0.00680813, 0.00679978, 0.00685846, 
0.000262505, 0.000384355, 0.000625128, 0.000828116, 0.00104402, 0.00125642, 0.00147037, 0.00168383, 0.00189712, 0.00211006, 0.00232286, 0.00253567, 0.00274857, 0.00296155, 0.00317453, 0.00338735, 0.00359987, 0.00381195, 0.0040235, 0.00423448, 0.00444487, 0.00465465, 0.0048638, 0.00507227, 0.00528, 0.00548688, 0.00569284, 0.00589779, 0.00610166, 0.0063044, 0.00650594, 0.00670625, 0.00690528, 0.00710296, 0.00729924, 0.00749405, 0.00768733, 0.00787902, 0.00806904, 0.00825735, 0.00844389, 0.00862862, 0.00881147, 0.00899239, 0.00917133, 0.00934823, 0.00952304, 0.00969571, 0.00986618, 0.0100344, 0.0102003, 0.0103639, 0.0105251, 0.0106838, 0.01084, 0.0109937, 0.0111449, 0.0112933, 0.0114392, 0.0115823, 0.0117226, 0.0118601, 0.0119948, 0.0121267, 0.0122556, 0.0123815, 0.0125044, 0.0126244, 0.0127412, 0.012855, 0.0129656, 0.013073, 0.0131773, 0.0132783, 0.0133761, 0.0134706, 0.0135618, 0.0136497, 0.0137342, 0.0138153, 0.013893, 0.0139672, 0.0140381, 0.0141054, 0.0141693, 0.0142297, 0.0142865, 0.0143398, 0.0143896, 0.0144358, 0.0144784, 0.0145174, 0.0145528, 0.0145846, 0.0146127, 0.0146372, 0.0146582, 0.0146748, 0.0146903, 0.0146937, 
2.83429e-05, 4.85175e-05, 7.76664e-05, 0.000105483, 0.000134633, 0.000164399, 0.000194864, 0.000225898, 0.000257439, 0.000289474, 0.000322028, 0.000355136, 0.000388817, 0.000423066, 0.000457859, 0.000493156, 0.00052891, 0.000565082, 0.000601644, 0.000638585, 0.0006759, 0.000713586, 0.000751636, 0.000790029, 0.000828738, 0.000867728, 0.000906961, 0.000946405, 0.000986032, 0.00102582, 0.00106575, 0.0011058, 0.00114596, 0.00118619, 0.00122648, 0.0012668, 0.0013071, 0.00134738, 0.00138759, 0.00142772, 0.00146775, 0.00150766, 0.00154741, 0.001587, 0.00162639, 0.00166556, 0.00170449, 0.00174315, 0.00178152, 0.00181958, 0.00185731, 0.00189468, 0.00193168, 0.00196829, 0.00200448, 0.00204023, 0.00207553, 0.00211035, 0.00214468, 0.00217849, 0.00221177, 0.0022445, 0.00227666, 0.00230824, 0.00233922, 0.00236958, 0.00239931, 0.00242839, 0.00245681, 0.00248455, 0.00251159, 0.00253793, 0.00256355, 0.00258844, 0.00261259, 0.00263598, 0.0026586, 0.00268045, 0.0027015, 0.00272176, 0.0027412, 0.00275983, 0.00277763, 0.00279461, 0.00281075, 0.00282606, 0.00284053, 0.00285417, 0.00286695, 0.00287888, 0.00288993, 0.00290004, 0.00290922, 0.00291728, 0.00292451, 0.00292972, 0.00293625, 0.00293388, 0.00295315, 0.00290271, 
-0.000224337, -0.000316701, -0.000517825, -0.000682207, -0.000857238, -0.00102753, -0.00119791, -0.0013665, -0.00153367, -0.00169928, -0.00186352, -0.00202657, -0.00218851, -0.00234936, -0.00250907, -0.00266756, -0.00282472, -0.00298047, -0.00313477, -0.00328762, -0.00343902, -0.00358899, -0.00373756, -0.0038847, -0.0040304, -0.00417462, -0.00431732, -0.00445847, -0.00459805, -0.00473604, -0.00487245, -0.00500725, -0.00514046, -0.00527206, -0.00540203, -0.00553035, -0.00565702, -0.00578201, -0.00590531, -0.00602691, -0.0061468, -0.00626497, -0.00638141, -0.00649612, -0.00660907, -0.00672026, -0.00682968, -0.00693732, -0.00704317, -0.00714721, -0.00724944, -0.00734985, -0.00744844, -0.00754518, -0.00764008, -0.00773312, -0.00782429, -0.0079136, -0.00800102, -0.00808655, -0.00817018, -0.00825191, -0.00833173, -0.00840962, -0.00848559, -0.00855962, -0.00863171, -0.00870185, -0.00877003, -0.00883625, -0.0089005, -0.00896277, -0.00902306, -0.00908135, -0.00913765, -0.00919195, -0.00924424, -0.00929452, -0.00934278, -0.00938901, -0.00943322, -0.00947539, -0.00951551, -0.00955359, -0.00958962, -0.00962358, -0.00965548, -0.0096853, -0.00971304, -0.00973869, -0.00976226, -0.00978377, -0.0098032, -0.00982062, -0.00983593, -0.00984953, -0.00986029, -0.00987157, -0.00987354, -0.00989484, 
-0.000112184, -0.000157227, -0.000257901, -0.000339907, -0.000426801, -0.0005111, -0.000595048, -0.000677705, -0.0007592, -0.000839481, -0.000918692, -0.000996957, -0.00107436, -0.00115093, -0.00122665, -0.00130147, -0.00137532, -0.00144816, -0.00151998, -0.00159078, -0.00166061, -0.0017295, -0.00179747, -0.00186454, -0.00193069, -0.00199592, -0.00206019, -0.00212349, -0.00218583, -0.00224721, -0.00230763, -0.00236711, -0.00242566, -0.00248328, -0.00253998, -0.00259576, -0.0026506, -0.00270451, -0.00275748, -0.00280953, -0.00286066, -0.00291087, -0.00296018, -0.00300858, -0.00305608, -0.00310268, -0.00314838, -0.00319319, -0.0032371, -0.00328013, -0.00332227, -0.00336353, -0.00340391, -0.00344342, -0.00348207, -0.00351984, -0.00355676, -0.00359281, -0.00362801, -0.00366235, -0.00369584, -0.00372848, -0.00376027, -0.00379123, -0.00382134, -0.00385061, -0.00387906, -0.00390666, -0.00393344, -0.00395939, -0.00398451, -0.0040088, -0.00403228, -0.00405493, -0.00407676, -0.00409777, -0.00411797, -0.00413734, -0.0041559, -0.00417365, -0.00419057, -0.00420669, -0.00422199, -0.00423648, -0.00425016, -0.00426303, -0.00427511, -0.00428638, -0.00429685, -0.00430651, -0.00431534, -0.00432331, -0.00433041, -0.00433649, -0.00434181, -0.00434536, -0.00434992, -0.00434703, -0.00436202, -0.00431873, 
0.000179611, 0.000263236, 0.000427641, 0.000566171, 0.000713834, 0.000859161, 0.00100578, 0.00115227, 0.00129891, 0.00144556, 0.00159233, 0.00173929, 0.00188648, 0.00203387, 0.0021814, 0.00232899, 0.00247652, 0.00262393, 0.00277115, 0.00291812, 0.00306483, 0.00321125, 0.00335735, 0.00350307, 0.00364839, 0.00379323, 0.00393755, 0.00408128, 0.00422437, 0.00436678, 0.00450847, 0.00464939, 0.0047895, 0.00492876, 0.00506713, 0.00520455, 0.00534099, 0.00547639, 0.0056107, 0.0057439, 0.00587592, 0.00600674, 0.00613631, 0.00626458, 0.00639152, 0.00651708, 0.00664123, 0.00676391, 0.0068851, 0.00700476, 0.00712283, 0.0072393, 0.00735411, 0.00746723, 0.00757863, 0.00768827, 0.00779611, 0.00790211, 0.00800626, 0.0081085, 0.00820882, 0.00830717, 0.00840352, 0.00849785, 0.00859013, 0.00868032, 0.00876839, 0.00885433, 0.0089381, 0.00901967, 0.00909902, 0.00917613, 0.00925097, 0.00932352, 0.00939375, 0.00946165, 0.00952719, 0.00959035, 0.00965112, 0.00970948, 0.00976541, 0.00981889, 0.00986991, 0.00991844, 0.00996449, 0.010008, 0.010049, 0.0100875, 0.0101234, 0.0101567, 0.0101875, 0.0102157, 0.0102415, 0.0102648, 0.0102854, 0.0103043, 0.0103191, 0.0103368, 0.0103364, 0.0103805, 
0.000201407, 0.000296572, 0.00048209, 0.00063927, 0.000806255, 0.000970749, 0.0011365, 0.00130195, 0.00146732, 0.00163249, 0.00179761, 0.00196281, 0.00212817, 0.00229368, 0.00245926, 0.00262481, 0.0027902, 0.00295531, 0.00312009, 0.00328449, 0.0034485, 0.00361212, 0.00377533, 0.00393809, 0.00410035, 0.00426203, 0.00442306, 0.00458336, 0.00474289, 0.00490159, 0.00505943, 0.00521637, 0.00537237, 0.00552738, 0.00568135, 0.00583424, 0.00598598, 0.00613652, 0.00628581, 0.00643381, 0.00658048, 0.00672576, 0.00686962, 0.00701202, 0.0071529, 0.00729223, 0.00742996, 0.00756604, 0.00770043, 0.00783308, 0.00796397, 0.00809304, 0.00822026, 0.00834559, 0.00846899, 0.00859041, 0.00870983, 0.00882721, 0.0089425, 0.00905568, 0.0091667, 0.00927554, 0.00938215, 0.00948652, 0.0095886, 0.00968836, 0.00978577, 0.00988081, 0.00997344, 0.0100636, 0.0101514, 0.0102366, 0.0103194, 0.0103995, 0.0104772, 0.0105522, 0.0106247, 0.0106945, 0.0107616, 0.0108261, 0.0108879, 0.010947, 0.0110033, 0.011057, 0.0111078, 0.0111559, 0.0112013, 0.0112438, 0.0112835, 0.0113205, 0.0113545, 0.0113858, 0.0114141, 0.0114395, 0.011462, 0.0114812, 0.0114985, 0.0115092, 0.0115278, 0.0115103, 
-6.88132e-05, -9.20636e-05, -0.000151506, -0.000197708, -0.000247273, -0.000294697, -0.000341809, -0.000387961, -0.000433339, -0.000477892, -0.000521682, -0.000564737, -0.000607079, -0.000648714, -0.000689635, -0.000729832, -0.000769296, -0.00080802, -0.000846002, -0.000883243, -0.000919746, -0.000955516, -0.00099056, -0.00102488, -0.00105849, -0.00109139, -0.0011236, -0.0011551, -0.00118592, -0.00121606, -0.00124553, -0.00127433, -0.00130247, -0.00132995, -0.00135679, -0.00138301, -0.00140859, -0.00143357, -0.00145793, -0.0014817, -0.00150488, -0.00152748, -0.00154951, -0.00157096, -0.00159187, -0.00161222, -0.00163204, -0.00165132, -0.00167009, -0.00168834, -0.00170609, -0.00172334, -0.0017401, -0.00175637, -0.00177218, -0.00178752, -0.0018024, -0.00181683, -0.00183082, -0.00184437, -0.00185749, -0.00187019, -0.00188248, -0.00189436, -0.00190584, -0.00191692, -0.00192761, -0.00193792, -0.00194785, -0.0019574, -0.00196659, -0.00197542, -0.00198389, -0.00199201, -0.00199978, -0.00200721, -0.0020143, -0.00202105, -0.00202748, -0.00203358, -0.00203935, -0.00204481, -0.00204994, -0.00205475, -0.00205925, -0.00206342, -0.00206726, -0.00207078, -0.00207397, -0.00207685, -0.00207942, -0.00208174, -0.00208379, -0.00208575, -0.00208736, -0.00208964, -0.00208971, -0.00209636, -0.00208339, -0.00212891, 
-0.000209772, -0.000296812, -0.000485398, -0.000639957, -0.000804392, -0.000964506, -0.00112471, -0.00128326, -0.00144047, -0.00159621, -0.00175068, -0.00190404, -0.0020564, -0.00220776, -0.0023581, -0.0025073, -0.00265528, -0.00280195, -0.00294727, -0.00309123, -0.00323386, -0.00337517, -0.00351519, -0.00365389, -0.00379127, -0.00392728, -0.00406188, -0.00419503, -0.00432672, -0.00445693, -0.00458566, -0.0047129, -0.00483864, -0.00496289, -0.00508561, -0.0052068, -0.00532644, -0.0054445, -0.00556098, -0.00567585, -0.00578912, -0.00590077, -0.0060108, -0.0061192, -0.00622595, -0.00633104, -0.00643446, -0.0065362, -0.00663625, -0.00673459, -0.00683123, -0.00692615, -0.00701934, -0.00711079, -0.0072005, -0.00728845, -0.00737464, -0.00745906, -0.0075417, -0.00762255, -0.00770161, -0.00777886, -0.00785429, -0.00792791, -0.00799971, -0.00806967, -0.00813779, -0.00820406, -0.00826848, -0.00833104, -0.00839173, -0.00845055, -0.00850748, -0.00856253, -0.00861569, -0.00866695, -0.00871631, -0.00876375, -0.00880928, -0.00885289, -0.00889458, -0.00893434, -0.00897215, -0.00900803, -0.00904197, -0.00907395, -0.00910398, -0.00913204, -0.00915814, -0.00918226, -0.00920441, -0.00922457, -0.00924275, -0.00925892, -0.00927311, -0.00928523, -0.00929553, -0.00930316, -0.00931083, -0.00930973, 
-1.34508e-05, -1.54629e-05, -2.67336e-05, -3.46326e-05, -4.26946e-05, -4.99295e-05, -5.6555e-05, -6.24363e-05, -6.75555e-05, -7.19261e-05, -7.56042e-05, -7.86501e-05, -8.11097e-05, -8.30078e-05, -8.43506e-05, -8.51309e-05, -8.53385e-05, -8.49692e-05, -8.40321e-05, -8.25497e-05, -8.05532e-05, -7.80751e-05, -7.51423e-05, -7.17731e-05, -6.79771e-05, -6.37585e-05, -5.91207e-05, -5.40704e-05, -4.86196e-05, -4.27854e-05, -3.65883e-05, -3.0049e-05, -2.31867e-05, -1.60173e-05, -8.55393e-06, -8.07792e-07, 7.21001e-06, 1.54872e-05, 2.40097e-05, 3.27615e-05, 4.17257e-05, 5.08853e-05, 6.02238e-05, 6.97262e-05, 7.93782e-05, 8.91665e-05, 9.90779e-05, 0.000109099, 0.000119216, 0.000129414, 0.000139679, 0.000149996, 0.000160351, 0.000170732, 0.000181123, 0.000191514, 0.000201892, 0.000212244, 0.000222559, 0.000232823, 0.000243025, 0.000253153, 0.000263196, 0.000273142, 0.000282981, 0.000292702, 0.000302294, 0.000311749, 0.000321055, 0.000330205, 0.000339187, 0.000347995, 0.000356618, 0.000365049, 0.00037328, 0.000381304, 0.000389113, 0.000396702, 0.000404065, 0.000411195, 0.000418087, 0.000424735, 0.000431132, 0.000437272, 0.000443147, 0.000448749, 0.000454071, 0.000459107, 0.000463856, 0.000468323, 0.000472521, 0.000476487, 0.000480224, 0.000483894, 0.000487224, 0.000491269, 0.000493088, 0.000501657, 0.000490157, 0.00053887, 
0.000208625, 0.000305313, 0.000496319, 0.000657144, 0.00082834, 0.000996702, 0.00116635, 0.00133566, 0.0015049, 0.00167393, 0.0018429, 0.00201192, 0.00218104, 0.00235024, 0.00251947, 0.0026886, 0.00285753, 0.00302615, 0.00319439, 0.00336222, 0.00352961, 0.00369655, 0.003863, 0.00402893, 0.00419429, 0.00435901, 0.00452302, 0.00468625, 0.00484866, 0.0050102, 0.00517082, 0.00533048, 0.00548914, 0.00564676, 0.00580329, 0.00595867, 0.00611286, 0.00626581, 0.00641747, 0.00656778, 0.00671672, 0.00686422, 0.00701026, 0.00715479, 0.00729776, 0.00743913, 0.00757886, 0.0077169, 0.0078532, 0.00798774, 0.00812046, 0.00825133, 0.0083803, 0.00850735, 0.00863242, 0.00875549, 0.00887651, 0.00899545, 0.00911227, 0.00922694, 0.00933942, 0.00944967, 0.00955767, 0.00966339, 0.00976678, 0.00986782, 0.00996648, 0.0100627, 0.0101565, 0.0102479, 0.0103367, 0.010423, 0.0105068, 0.010588, 0.0106666, 0.0107426, 0.010816, 0.0108867, 0.0109547, 0.01102, 0.0110826, 0.0111424, 0.0111995, 0.0112538, 0.0113054, 0.0113541, 0.0114, 0.0114431, 0.0114833, 0.0115207, 0.0115552, 0.0115869, 0.0116157, 0.0116417, 0.0116648, 0.0116854, 0.0117024, 0.0117191, 0.0117257, 0.0117508, 
0.000118772, 0.000177559, 0.000288109, 0.000382963, 0.000483524, 0.000582955, 0.000683282, 0.000783628, 0.000884085, 0.000984577, 0.00108521, 0.00118606, 0.00128718, 0.00138857, 0.00149018, 0.00159193, 0.00169374, 0.00179555, 0.00189729, 0.00199895, 0.00210053, 0.00220202, 0.00230342, 0.00240469, 0.00250579, 0.00260668, 0.00270731, 0.00280761, 0.00290756, 0.00300711, 0.00310625, 0.00320495, 0.00330318, 0.00340091, 0.0034981, 0.00359472, 0.00369072, 0.00378606, 0.00388072, 0.00397465, 0.00406783, 0.00416023, 0.00425182, 0.00434256, 0.00443242, 0.00452138, 0.00460939, 0.00469643, 0.00478246, 0.00486745, 0.00495138, 0.00503421, 0.00511592, 0.00519648, 0.00527586, 0.00535404, 0.00543097, 0.00550665, 0.00558103, 0.0056541, 0.00572583, 0.00579619, 0.00586516, 0.00593272, 0.00599885, 0.00606351, 0.00612669, 0.00618837, 0.00624852, 0.00630713, 0.00636417, 0.00641963, 0.00647349, 0.00652572, 0.00657632, 0.00662526, 0.00667253, 0.00671811, 0.00676199, 0.00680415, 0.00684458, 0.00688326, 0.0069202, 0.00695537, 0.00698876, 0.00702038, 0.00705021, 0.00707825, 0.00710448, 0.0071289, 0.00715148, 0.00717219, 0.00719102, 0.00720784, 0.00722286, 0.00723525, 0.0072473, 0.00725202, 0.00727031, 0.00723939, 
-0.000134134, -0.000186948, -0.000306198, -0.000402575, -0.000505436, -0.000605184, -0.000704887, -0.000803378, -0.000900916, -0.000997409, -0.00109298, -0.0011877, -0.00128164, -0.00137479, -0.00146713, -0.00155861, -0.00164918, -0.0017388, -0.00182746, -0.00191514, -0.00200184, -0.00208759, -0.00217237, -0.0022562, -0.00233907, -0.00242094, -0.00250182, -0.0025817, -0.00266055, -0.00273837, -0.00281518, -0.00289095, -0.0029657, -0.00303942, -0.00311211, -0.00318375, -0.00325436, -0.00332392, -0.00339243, -0.00345989, -0.00352629, -0.00359163, -0.00365592, -0.00371914, -0.0037813, -0.0038424, -0.00390243, -0.00396139, -0.00401929, -0.00407611, -0.00413185, -0.00418653, -0.00424013, -0.00429265, -0.00434409, -0.00439445, -0.00444374, -0.00449194, -0.00453906, -0.0045851, -0.00463005, -0.00467392, -0.0047167, -0.0047584, -0.00479901, -0.00483852, -0.00487695, -0.00491429, -0.00495054, -0.0049857, -0.00501976, -0.00505273, -0.0050846, -0.00511538, -0.00514506, -0.00517364, -0.00520112, -0.00522751, -0.00525279, -0.00527698, -0.00530006, -0.00532203, -0.00534291, -0.00536267, -0.00538132, -0.00539885, -0.00541526, -0.00543054, -0.00544469, -0.00545772, -0.00546963, -0.00548044, -0.00549017, -0.00549893, -0.00550652, -0.00551368, -0.00551837, -0.00552672, -0.0055206, -0.00555375, 
-0.000160294, -0.000226426, -0.000370635, -0.000488776, -0.000614356, -0.000736595, -0.000858807, -0.000979654, -0.00109936, -0.00121782, -0.00133522, -0.00145168, -0.0015673, -0.0016821, -0.00179604, -0.00190904, -0.00202103, -0.00213194, -0.00224174, -0.00235043, -0.00245803, -0.00256457, -0.00267007, -0.00277452, -0.0028779, -0.00298019, -0.00308134, -0.00318135, -0.00328018, -0.00337783, -0.0034743, -0.0035696, -0.00366372, -0.00375666, -0.0038484, -0.00393893, -0.00402825, -0.00411633, -0.00420317, -0.00428876, -0.0043731, -0.00445619, -0.00453801, -0.00461857, -0.00469786, -0.00477587, -0.00485259, -0.00492801, -0.00500214, -0.00507496, -0.00514648, -0.00521668, -0.00528556, -0.00535312, -0.00541935, -0.00548424, -0.00554781, -0.00561002, -0.0056709, -0.00573042, -0.00578858, -0.00584539, -0.00590083, -0.00595491, -0.00600762, -0.00605895, -0.0061089, -0.00615748, -0.00620467, -0.00625046, -0.00629487, -0.00633788, -0.00637949, -0.0064197, -0.0064585, -0.0064959, -0.00653188, -0.00656645, -0.00659959, -0.00663132, -0.00666162, -0.00669049, -0.00671793, -0.00674394, -0.00676852, -0.00679166, -0.00681336, -0.00683362, -0.00685243, -0.00686979, -0.00688569, -0.00690011, -0.00691304, -0.00692442, -0.00693435, -0.00694237, -0.0069498, -0.00695252, -0.00696301, -0.00694336, 
7.03787e-05, 0.000105158, 0.000169973, 0.000225288, 0.000284407, 0.000342882, 0.000402175, 0.000461742, 0.000521715, 0.000582027, 0.000642701, 0.000703735, 0.000765123, 0.000826843, 0.000888866, 0.00095116, 0.00101369, 0.00107642, 0.00113933, 0.00120238, 0.00126555, 0.00132882, 0.00139214, 0.00145551, 0.00151889, 0.00158226, 0.0016456, 0.00170888, 0.00177208, 0.00183516, 0.0018981, 0.00196087, 0.00202345, 0.00208581, 0.00214792, 0.00220977, 0.00227133, 0.00233257, 0.00239347, 0.00245401, 0.00251415, 0.00257387, 0.00263315, 0.00269196, 0.00275028, 0.00280808, 0.00286535, 0.00292205, 0.00297817, 0.00303368, 0.00308856, 0.00314279, 0.00319634, 0.00324919, 0.00330132, 0.00335271, 0.00340334, 0.00345319, 0.00350224, 0.00355046, 0.00359785, 0.00364437, 0.00369002, 0.00373477, 0.0037786, 0.0038215, 0.00386346, 0.00390444, 0.00394445, 0.00398346, 0.00402145, 0.00405842, 0.00409435, 0.00412923, 0.00416303, 0.00419576, 0.00422739, 0.00425792, 0.00428733, 0.00431562, 0.00434278, 0.00436879, 0.00439364, 0.00441734, 0.00443985, 0.00446118, 0.00448131, 0.00450023, 0.00451794, 0.00453445, 0.00454975, 0.00456388, 0.00457684, 0.00458877, 0.00459943, 0.00460975, 0.00461714, 0.00462947, 0.00462328, 0.00466853, 
0.000197629, 0.000289777, 0.000471054, 0.00062397, 0.000786572, 0.000946528, 0.00110765, 0.0012684, 0.00142902, 0.00158938, 0.00174964, 0.0019099, 0.00207023, 0.00223063, 0.00239101, 0.00255129, 0.00271134, 0.00287107, 0.00303041, 0.00318933, 0.00334781, 0.00350585, 0.00366342, 0.00382049, 0.003977, 0.0041329, 0.00428812, 0.00444258, 0.00459626, 0.00474908, 0.00490104, 0.00505207, 0.00520216, 0.00535126, 0.00549931, 0.00564628, 0.00579211, 0.00593676, 0.00608018, 0.00622233, 0.00636316, 0.00650265, 0.00664074, 0.0067774, 0.00691258, 0.00704625, 0.00717837, 0.00730888, 0.00743776, 0.00756496, 0.00769044, 0.00781418, 0.00793612, 0.00805624, 0.0081745, 0.00829086, 0.00840529, 0.00851776, 0.00862822, 0.00873665, 0.00884301, 0.00894727, 0.0090494, 0.00914938, 0.00924716, 0.00934272, 0.00943604, 0.00952708, 0.00961582, 0.00970223, 0.00978629, 0.00986796, 0.00994724, 0.0100241, 0.0100985, 0.0101704, 0.0102398, 0.0103068, 0.0103712, 0.010433, 0.0104923, 0.010549, 0.0106031, 0.0106546, 0.0107035, 0.0107497, 0.0107932, 0.0108341, 0.0108724, 0.0109079, 0.0109407, 0.0109709, 0.0109983, 0.011023, 0.011045, 0.0110642, 0.0110807, 0.0110943, 0.0111059, 0.0111119, 
3.27856e-05, 5.34866e-05, 8.58539e-05, 0.000115575, 0.000146793, 0.000178275, 0.000210301, 0.000242689, 0.000275409, 0.000308444, 0.000341825, 0.000375585, 0.000409741, 0.000444293, 0.00047922, 0.000514487, 0.000550057, 0.000585895, 0.000621979, 0.0006583, 0.000694856, 0.000731646, 0.000768663, 0.000805894, 0.000843315, 0.000880899, 0.000918617, 0.000956441, 0.000994349, 0.00103232, 0.00107035, 0.00110842, 0.00114651, 0.0011846, 0.00122267, 0.0012607, 0.00129867, 0.00133655, 0.00137433, 0.00141197, 0.00144948, 0.00148682, 0.00152399, 0.00156095, 0.0015977, 0.00163422, 0.00167047, 0.00170645, 0.00174214, 0.00177751, 0.00181255, 0.00184725, 0.00188158, 0.00191553, 0.00194908, 0.00198221, 0.00201492, 0.00204717, 0.00207896, 0.00211027, 0.00214108, 0.00217138, 0.00220115, 0.00223039, 0.00225907, 0.00228718, 0.00231471, 0.00234164, 0.00236797, 0.00239368, 0.00241875, 0.00244319, 0.00246696, 0.00249007, 0.00251251, 0.00253426, 0.00255531, 0.00257566, 0.00259529, 0.00261419, 0.00263237, 0.00264981, 0.0026665, 0.00268244, 0.00269763, 0.00271206, 0.00272573, 0.00273865, 0.00275079, 0.00276217, 0.00277274, 0.00278249, 0.00279141, 0.00279935, 0.00280653, 0.00281209, 0.00281847, 0.00281817, 0.0028336, 0.00279768, 
-0.000162439, -0.000228567, -0.000374054, -0.000492722, -0.000619185, -0.000742193, -0.000865287, -0.000987086, -0.00110786, -0.00122751, -0.00134618, -0.00146398, -0.00158099, -0.0016972, -0.0018126, -0.0019271, -0.00204063, -0.00215315, -0.00226461, -0.00237501, -0.00248436, -0.00259267, -0.00269995, -0.00280618, -0.00291137, -0.00301546, -0.00311845, -0.00322031, -0.00332101, -0.00342055, -0.00351893, -0.00361613, -0.00371216, -0.00380701, -0.00390067, -0.00399312, -0.00408435, -0.00417435, -0.00426311, -0.00435062, -0.00443688, -0.00452188, -0.0046056, -0.00468805, -0.00476922, -0.0048491, -0.00492768, -0.00500495, -0.0050809, -0.00515554, -0.00522885, -0.00530083, -0.00537146, -0.00544076, -0.0055087, -0.00557529, -0.00564051, -0.00570436, -0.00576685, -0.00582795, -0.00588767, -0.005946, -0.00600294, -0.00605848, -0.00611261, -0.00616534, -0.00621665, -0.00626655, -0.00631503, -0.00636208, -0.0064077, -0.00645189, -0.00649464, -0.00653595, -0.00657581, -0.00661422, -0.00665118, -0.00668668, -0.00672072, -0.0067533, -0.00678441, -0.00681405, -0.00684222, -0.00686891, -0.00689411, -0.00691783, -0.00694005, -0.00696078, -0.00698, -0.00699772, -0.00701393, -0.00702866, -0.00704189, -0.00705369, -0.00706395, -0.00707304, -0.00707998, -0.00708764, -0.00708762, -0.00710445, 
-9.10845e-05, -0.000127351, -0.000209088, -0.000275612, -0.000346218, -0.00041476, -0.000483089, -0.000550433, -0.000616901, -0.000682448, -0.000747187, -0.000811212, -0.000874591, -0.000937342, -0.000999447, -0.00106086, -0.00112154, -0.00118144, -0.00124055, -0.00129888, -0.00135644, -0.00141328, -0.00146939, -0.0015248, -0.00157949, -0.00163344, -0.00168664, -0.00173908, -0.00179075, -0.00184164, -0.00189178, -0.00194116, -0.00198979, -0.00203768, -0.00208482, -0.00213121, -0.00217684, -0.00222171, -0.00226582, -0.00230918, -0.00235178, -0.00239363, -0.00243473, -0.00247509, -0.00251471, -0.00255357, -0.0025917, -0.00262908, -0.00266572, -0.00270162, -0.00273678, -0.00277121, -0.00280491, -0.00283787, -0.0028701, -0.00290161, -0.00293239, -0.00296245, -0.00299179, -0.0030204, -0.00304829, -0.00307547, -0.00310193, -0.00312768, -0.00315272, -0.00317705, -0.00320066, -0.00322358, -0.00324578, -0.00326728, -0.00328808, -0.00330817, -0.00332757, -0.00334626, -0.00336426, -0.00338155, -0.00339815, -0.00341405, -0.00342926, -0.00344376, -0.00345757, -0.00347069, -0.00348311, -0.00349483, -0.00350587, -0.00351621, -0.00352587, -0.00353484, -0.00354312, -0.0035507, -0.00355757, -0.00356371, -0.00356912, -0.00357367, -0.00357756, -0.00358008, -0.0035832, -0.00358083, -0.00359128, -0.00355944, 
0.000127567, 0.000187635, 0.000304497, 0.000403162, 0.000508284, 0.000611777, 0.000716205, 0.000820571, 0.000925071, 0.00102961, 0.00113426, 0.00123907, 0.00134406, 0.00144922, 0.0015545, 0.00165985, 0.00176518, 0.00187046, 0.00197562, 0.00208064, 0.0021855, 0.00229017, 0.00239464, 0.00249888, 0.00260284, 0.0027065, 0.0028098, 0.00291272, 0.00301521, 0.00311724, 0.00321878, 0.0033198, 0.00342027, 0.00352016, 0.00361944, 0.00371807, 0.00381602, 0.00391325, 0.00400974, 0.00410545, 0.00420035, 0.00429441, 0.0043876, 0.00447989, 0.00457125, 0.00466164, 0.00475105, 0.00483943, 0.00492676, 0.00501302, 0.00509816, 0.00518217, 0.00526501, 0.00534667, 0.0054271, 0.00550629, 0.00558421, 0.00566083, 0.00573613, 0.00581009, 0.00588267, 0.00595386, 0.00602363, 0.00609196, 0.00615883, 0.00622422, 0.00628809, 0.00635044, 0.00641125, 0.00647048, 0.00652814, 0.00658418, 0.00663861, 0.0066914, 0.00674253, 0.00679199, 0.00683976, 0.00688584, 0.00693019, 0.00697282, 0.00701371, 0.00705285, 0.00709022, 0.00712581, 0.00715961, 0.00719161, 0.0072218, 0.00725016, 0.00727669, 0.00730138, 0.00732424, 0.00734529, 0.00736452, 0.00738204, 0.00739767, 0.00741208, 0.0074234, 0.00743727, 0.00743696, 0.00747214, 
0.000155975, 0.000229989, 0.000373627, 0.000495367, 0.000624657, 0.000751997, 0.000880288, 0.00100833, 0.00113631, 0.00126411, 0.00139186, 0.00151967, 0.00164758, 0.00177559, 0.00190365, 0.00203167, 0.00215956, 0.00228724, 0.00241464, 0.00254175, 0.00266856, 0.00279506, 0.00292124, 0.00304707, 0.00317251, 0.0032975, 0.00342199, 0.00354592, 0.00366926, 0.00379196, 0.003914, 0.00403534, 0.00415597, 0.00427584, 0.00439491, 0.00451315, 0.00463052, 0.00474696, 0.00486245, 0.00497695, 0.00509043, 0.00520285, 0.00531418, 0.00542439, 0.00553345, 0.00564131, 0.00574795, 0.00585332, 0.0059574, 0.00606015, 0.00616155, 0.00626155, 0.00636014, 0.00645728, 0.00655293, 0.00664708, 0.00673968, 0.00683072, 0.00692016, 0.00700797, 0.00709413, 0.00717862, 0.00726139, 0.00734244, 0.00742173, 0.00749924, 0.00757495, 0.00764883, 0.00772086, 0.00779102, 0.00785928, 0.00792563, 0.00799005, 0.00805252, 0.00811301, 0.00817151, 0.00822801, 0.00828248, 0.00833491, 0.00838528, 0.00843358, 0.0084798, 0.00852393, 0.00856594, 0.00860584, 0.0086436, 0.00867923, 0.00871271, 0.00874404, 0.00877319, 0.00880016, 0.00882493, 0.0088475, 0.00886779, 0.0088859, 0.00890147, 0.00891551, 0.00892485, 0.00893907, 0.00892906, 
-4.11618e-05, -5.34457e-05, -8.84771e-05, -0.000115037, -0.000143683, -0.000170898, -0.000197865, -0.000224172, -0.000249947, -0.000275156, -0.000299834, -0.000323998, -0.000347659, -0.000370819, -0.000393477, -0.000415627, -0.000437268, -0.000458398, -0.000479016, -0.000499124, -0.000518724, -0.000537817, -0.000556409, -0.000574503, -0.000592107, -0.000609225, -0.000625867, -0.000642039, -0.000657746, -0.000672995, -0.000687789, -0.000702136, -0.000716041, -0.000729511, -0.000742555, -0.00075518, -0.000767396, -0.00077921, -0.000790631, -0.000801664, -0.000812318, -0.000822598, -0.000832512, -0.000842067, -0.000851272, -0.000860135, -0.000868663, -0.000876865, -0.000884748, -0.000892319, -0.000899586, -0.000906556, -0.000913235, -0.000919632, -0.000925753, -0.000931606, -0.000937198, -0.000942536, -0.000947627, -0.000952477, -0.000957094, -0.000961483, -0.000965651, -0.000969604, -0.000973349, -0.00097689, -0.000980234, -0.000983387, -0.000986354, -0.000989141, -0.000991751, -0.000994191, -0.000996465, -0.000998577, -0.00100053, -0.00100234, -0.00100399, -0.0010055, -0.00100687, -0.0010081, -0.0010092, -0.00101017, -0.00101101, -0.00101172, -0.0010123, -0.00101275, -0.00101307, -0.00101326, -0.00101331, -0.00101324, -0.00101306, -0.0010128, -0.00101246, -0.00101217, -0.00101172, -0.0010119, -0.00101053, -0.00101423, -0.00100328, -0.00103646, 
-0.000155894, -0.000219929, -0.000359974, -0.000474555, -0.000596559, -0.000715344, -0.000834223, -0.000951883, -0.00106856, -0.00118416, -0.00129883, -0.00141269, -0.00152582, -0.00163822, -0.00174985, -0.00186066, -0.00197056, -0.00207949, -0.00218743, -0.00229436, -0.0024003, -0.00250527, -0.00260927, -0.00271229, -0.00281433, -0.00291535, -0.00301531, -0.0031142, -0.00321199, -0.00330868, -0.00340426, -0.00349873, -0.00359208, -0.0036843, -0.00377539, -0.00386533, -0.0039541, -0.00404169, -0.0041281, -0.0042133, -0.0042973, -0.00438008, -0.00446165, -0.00454198, -0.00462109, -0.00469894, -0.00477555, -0.00485089, -0.00492496, -0.00499775, -0.00506926, -0.00513948, -0.0052084, -0.00527602, -0.00534232, -0.00540731, -0.00547098, -0.00553332, -0.00559432, -0.00565398, -0.00571229, -0.00576925, -0.00582485, -0.00587909, -0.00593196, -0.00598346, -0.00603358, -0.00608231, -0.00612966, -0.00617561, -0.00622017, -0.00626332, -0.00630507, -0.0063454, -0.00638432, -0.00642182, -0.0064579, -0.00649255, -0.00652576, -0.00655755, -0.00658789, -0.0066168, -0.00664425, -0.00667026, -0.00669481, -0.00671791, -0.00673954, -0.00675971, -0.00677841, -0.00679564, -0.00681138, -0.00682565, -0.00683843, -0.00684973, -0.00685954, -0.00686785, -0.00687472, -0.00687986, -0.00688431, -0.00688442, 
-1.78785e-05, -2.22459e-05, -3.76974e-05, -4.92812e-05, -6.14313e-05, -7.28246e-05, -8.38052e-05, -9.41995e-05, -0.000104006, -0.00011323, -0.000121917, -0.000130119, -0.000137872, -0.000145194, -0.000152087, -0.00015854, -0.00016454, -0.00017008, -0.000175164, -0.000179807, -0.000184031, -0.00018786, -0.000191313, -0.000194402, -0.000197133, -0.000199506, -0.00020152, -0.000203179, -0.000204488, -0.00020546, -0.000206107, -0.000206445, -0.000206485, -0.00020624, -0.000205716, -0.00020492, -0.00020386, -0.000202542, -0.000200976, -0.000199172, -0.000197142, -0.000194897, -0.000192449, -0.000189807, -0.000186982, -0.000183981, -0.000180814, -0.00017749, -0.000174018, -0.000170408, -0.00016667, -0.000162813, -0.000158849, -0.000154785, -0.000150631, -0.000146396, -0.000142088, -0.000137716, -0.000133288, -0.000128813, -0.000124299, -0.000119754, -0.000115187, -0.000110606, -0.000106017, -0.000101429, -9.68481e-05, -9.22818e-05, -8.77369e-05, -8.322e-05, -7.87376e-05, -7.4296e-05, -6.99012e-05, -6.55589e-05, -6.12745e-05, -5.70532e-05, -5.28995e-05, -4.88181e-05, -4.48131e-05, -4.08884e-05, -3.70482e-05, -3.32964e-05, -2.96374e-05, -2.6076e-05, -2.26173e-05, -1.92669e-05, -1.60296e-05, -1.29091e-05, -9.90628e-06, -7.01597e-06, -4.23002e-06, -1.51934e-06, 1.11825e-06, 3.80318e-06, 6.33237e-06, 9.48897e-06, 1.10884e-05, 1.78054e-05, 9.6839e-06, 4.64986e-05, 
0.000153178, 0.000224749, 0.000365059, 0.000483359, 0.000609233, 0.000733043, 0.000857804, 0.00098232, 0.0011068, 0.00123115, 0.00135546, 0.00147982, 0.00160426, 0.00172877, 0.0018533, 0.00197778, 0.00210212, 0.00222626, 0.00235013, 0.0024737, 0.00259697, 0.00271992, 0.00284253, 0.00296477, 0.0030866, 0.00320798, 0.00332885, 0.00344917, 0.00356889, 0.00368799, 0.00380643, 0.00392419, 0.00404122, 0.00415751, 0.00427301, 0.00438768, 0.00450149, 0.00461441, 0.00472639, 0.0048374, 0.00494741, 0.00505638, 0.00516429, 0.00527111, 0.00537679, 0.00548131, 0.00558464, 0.00568673, 0.00578757, 0.00588712, 0.00598534, 0.00608222, 0.00617771, 0.00627179, 0.00636444, 0.00645562, 0.00654531, 0.00663347, 0.00672008, 0.00680512, 0.00688855, 0.00697036, 0.00705051, 0.00712899, 0.00720577, 0.00728083, 0.00735413, 0.00742567, 0.00749542, 0.00756336, 0.00762946, 0.00769371, 0.0077561, 0.00781659, 0.00787518, 0.00793184, 0.00798656, 0.00803933, 0.00809012, 0.00813893, 0.00818575, 0.00823054, 0.00827332, 0.00831405, 0.00835274, 0.00838936, 0.00842391, 0.00845638, 0.00848675, 0.00851502, 0.0085412, 0.00856527, 0.00858726, 0.00860719, 0.00862499, 0.00864098, 0.00865422, 0.00866757, 0.00867258, 0.00869407, 
9.65659e-05, 0.000144472, 0.000234231, 0.0003112, 0.000392761, 0.000473352, 0.000554632, 0.000635889, 0.000717204, 0.000798517, 0.000879909, 0.000961446, 0.00104317, 0.00112508, 0.00120713, 0.00128927, 0.00137144, 0.00145357, 0.00153563, 0.0016176, 0.00169948, 0.00178127, 0.00186296, 0.00194453, 0.00202595, 0.00210718, 0.00218818, 0.0022689, 0.00234933, 0.00242943, 0.00250919, 0.00258858, 0.00266759, 0.00274618, 0.00282434, 0.00290202, 0.0029792, 0.00305586, 0.00313196, 0.00320747, 0.00328238, 0.00335666, 0.00343028, 0.00350323, 0.00357547, 0.00364699, 0.00371774, 0.00378772, 0.00385689, 0.00392524, 0.00399273, 0.00405935, 0.00412507, 0.00418988, 0.00425374, 0.00431664, 0.00437855, 0.00443946, 0.00449934, 0.00455817, 0.00461593, 0.00467261, 0.00472818, 0.00478262, 0.00483592, 0.00488806, 0.00493901, 0.00498877, 0.00503732, 0.00508464, 0.00513071, 0.00517552, 0.00521905, 0.0052613, 0.00530224, 0.00534186, 0.00538016, 0.00541711, 0.00545271, 0.00548694, 0.0055198, 0.00555127, 0.00558135, 0.00561002, 0.00563729, 0.00566314, 0.00568757, 0.00571058, 0.00573215, 0.00575227, 0.00577094, 0.00578813, 0.00580382, 0.00581794, 0.00583061, 0.00584128, 0.00585153, 0.00585644, 0.00587079, 0.00585013, 
-9.26164e-05, -0.000128114, -0.000210219, -0.000276234, -0.000346799, -0.00041516, -0.000483482, -0.000550944, -0.000617732, -0.000683779, -0.000749171, -0.000813959, -0.000878181, -0.00094184, -0.00100492, -0.00106738, -0.0011292, -0.00119034, -0.0012508, -0.00131055, -0.00136962, -0.00142799, -0.00148569, -0.0015427, -0.00159902, -0.00165463, -0.00170954, -0.00176373, -0.0018172, -0.00186994, -0.00192195, -0.00197323, -0.00202378, -0.00207361, -0.0021227, -0.00217105, -0.00221867, -0.00226555, -0.00231169, -0.00235709, -0.00240174, -0.00244564, -0.00248881, -0.00253122, -0.00257289, -0.00261381, -0.00265399, -0.00269342, -0.0027321, -0.00277003, -0.00280721, -0.00284364, -0.00287933, -0.00291426, -0.00294844, -0.00298188, -0.00301457, -0.00304651, -0.0030777, -0.00310814, -0.00313783, -0.00316677, -0.00319497, -0.00322242, -0.00324912, -0.00327507, -0.00330028, -0.00332474, -0.00334845, -0.00337141, -0.00339363, -0.0034151, -0.00343582, -0.00345579, -0.00347502, -0.0034935, -0.00351124, -0.00352822, -0.00354446, -0.00355995, -0.0035747, -0.00358869, -0.00360194, -0.00361443, -0.00362617, -0.00363715, -0.00364737, -0.00365683, -0.00366552, -0.00367345, -0.00368062, -0.00368706, -0.00369276, -0.00369782, -0.00370209, -0.00370613, -0.00370838, -0.00371356, -0.00370765, -0.00373228, 
-0.000122267, -0.000172144, -0.000282062, -0.000371949, -0.000467594, -0.000560693, -0.000653801, -0.000745888, -0.000837125, -0.00092744, -0.00101696, -0.00110579, -0.00119399, -0.00128158, -0.00136853, -0.00145478, -0.00154027, -0.00162495, -0.0017088, -0.00179181, -0.001874, -0.00195538, -0.00203598, -0.00211578, -0.00219477, -0.00227293, -0.00235023, -0.00242666, -0.00250219, -0.00257682, -0.00265055, -0.00272339, -0.00279532, -0.00286635, -0.00293646, -0.00300565, -0.0030739, -0.00314121, -0.00320756, -0.00327296, -0.00333739, -0.00340085, -0.00346335, -0.00352487, -0.00358541, -0.00364497, -0.00370353, -0.0037611, -0.00381766, -0.00387322, -0.00392777, -0.0039813, -0.00403382, -0.00408531, -0.00413578, -0.00418521, -0.00423362, -0.00428098, -0.00432731, -0.00437259, -0.00441683, -0.00446001, -0.00450214, -0.00454321, -0.00458322, -0.00462217, -0.00466006, -0.00469687, -0.00473261, -0.00476728, -0.00480088, -0.00483339, -0.00486482, -0.00489516, -0.00492442, -0.00495259, -0.00497966, -0.00500564, -0.00503053, -0.00505431, -0.00507699, -0.00509856, -0.00511903, -0.00513839, -0.00515664, -0.00517378, -0.0051898, -0.00520471, -0.0052185, -0.00523116, -0.00524269, -0.00525308, -0.00526231, -0.00527035, -0.00527727, -0.00528275, -0.0052877, -0.00528928, -0.00529607, -0.005282, 
4.58449e-05, 6.94394e-05, 0.000111821, 0.000148283, 0.000187204, 0.000225767, 0.000264908, 0.000304284, 0.000343984, 0.000383963, 0.000424232, 0.000464785, 0.000505615, 0.000546704, 0.000588036, 0.000629589, 0.000671343, 0.000713277, 0.000755371, 0.000797605, 0.000839959, 0.000882413, 0.000924948, 0.000967547, 0.00101019, 0.00105287, 0.00109556, 0.00113825, 0.00118092, 0.00122355, 0.00126612, 0.00130862, 0.00135102, 0.0013933, 0.00143545, 0.00147746, 0.0015193, 0.00156096, 0.00160242, 0.00164367, 0.00168468, 0.00172543, 0.00176592, 0.00180611, 0.001846, 0.00188557, 0.0019248, 0.00196367, 0.00200217, 0.00204029, 0.002078, 0.00211529, 0.00215214, 0.00218854, 0.00222447, 0.00225991, 0.00229486, 0.0023293, 0.00236321, 0.00239658, 0.00242939, 0.00246164, 0.0024933, 0.00252436, 0.00255482, 0.00258466, 0.00261386, 0.00264242, 0.00267032, 0.00269755, 0.00272411, 0.00274997, 0.00277514, 0.0027996, 0.00282334, 0.00284635, 0.00286862, 0.00289015, 0.00291093, 0.00293095, 0.00295021, 0.00296869, 0.00298639, 0.0030033, 0.00301942, 0.00303473, 0.00304923, 0.00306292, 0.00307579, 0.00308783, 0.00309907, 0.00310952, 0.00311918, 0.00312816, 0.00313628, 0.00314424, 0.00315007, 0.00315977, 0.00315545, 0.0031905, 
